PROV202;Valtejo;;;;;;;;;;;;;;;;;;x;;;;
PROV205;Porto Joao;;;;;;;;;;;;;;;;;;x;;;;
PROV199;Santo Agostiño;;;;;;;;;;;;;;;;;;x;;;;
PROV198;San Luis;;;;;;;;;;;;;;;;;;x;;;;
PROV200;Narvaez;;;;;;;;;;;;;;;;;;x;;;;
PROV473;Corsica;;;;;;;;;;;;;;;;;;x;;;;
PROV475;Uviéu;;;;;;;;;;;;;;;;;;x;;;;
PROV484;Batalayaws;;;;;;;;;;;;;;;;;;x;;;;
PROV509;Ishbíliya;;;;;;;;;;;;;;;;;;x;;;;
PROV510;Qurtuba;;;;;;;;;;;;;;;;;;x;;;;
PROV511;Walba;;;;;;;;;;;;;;;;;;x;;;;
PROV512;Sharish;;;;;;;;;;;;;;;;;;x;;;;
PROV513;Gharnáta;;;;;;;;;;;;;;;;;;x;;;;
PROV514;Málaqa;;;;;;;;;;;;;;;;;;x;;;;
PROV515;al-Mariyya;;;;;;;;;;;;;;;;;;x;;;;
PROV516;Jayyán;;;;;;;;;;;;;;;;;;x;;;;
PROV521;al-Ushbuna;;;;;;;;;;;;;;;;;;x;;;;
PROV523;Aburan;;;;;;;;;;;;;;;;;;x;;;;
PROV524;Shetubre;;;;;;;;;;;;;;;;;;x;;;;
PROV525;Yábura;;;;;;;;;;;;;;;;;;x;;;;
PROV526;Bájat;;;;;;;;;;;;;;;;;;x;;;;
PROV527;Ukhxúnuba;;;;;;;;;;;;;;;;;;x;;;;
PROV2220;Lucayas;;;;;;;;;;;;;;;;;;x;;;;
PROV204;Santa María de Pleiona;;;;;;;;;;;;;;;;;;x;;;;
PROV562;Eisenach;;;;;;;;;;;;;;;;;;x;;;;
PROV3256;Mühlhausen;;;;;;;;;;;;;;;;;;x;;;;
PROV3255;Naumburg;;;;;;;;;;;;;;;;;;x;;;;
PROV560;Kamenice;;;;;;;;;;;;;;;;;;x;;;;
PROV558;Dreždany;;;;;;;;;;;;;;;;;;x;;;; 
PROV552;Chósebuz;;;;;;;;;;;;;;;;;;x;;;;
PROV549;Branagrad;;;;;;;;;;;;;;;;;;x;;;;
PROV551;Ruppin;;;;;;;;;;;;;;;;;;x;;;;
PROV550;Premyslaw;;;;;;;;;;;;;;;;;;x;;;;
PROV544;Veligrad;;;;;;;;;;;;;;;;;;x;;;;
PROV545;Strelci;;;;;;;;;;;;;;;;;;x;;;;
PROV548;Rujána;;;;;;;;;;;;;;;;;;x;;;;
PROV547;Jomsbork;;;;;;;;;;;;;;;;;;x;;;;
PROV3275;Hazorasp;;;;;;;;;;;;;;;;;;x;;;;
PROV3276;Zabol;;;;;;;;;;;;;;;;;;x;;;;
PROV3277;Zaranj;;;;;;;;;;;;;;;;;;x;;;;
PROV3278;Jaroslaw;;;;;;;;;;;;;;;;;;x;;;;
PROV3279;Liezen;;;;;;;;;;;;;;;;;;x;;;;
PROV3280;Seiyun;;;;;;;;;;;;;;;;;;x;;;;
PROV3281;Bonn;;;;;;;;;;;;;;;;;;x;;;;
PROV3282;Dayr al-Zur;;;;;;;;;;;;;;;;;;x;;;;
PROV3283;Karakalpak;;;;;;;;;;;;;;;;;;x;;;;
PROV3284;Sadag;;;;;;;;;;;;;;;;;;x;;;;
PROV3285;Kara-Kum;;;;;;;;;;;;;;;;;;x;;;;
PROV3286;Panjdeh;;;;;;;;;;;;;;;;;;x;;;;
PROV3287;Maymana;;;;;;;;;;;;;;;;;;x;;;;
PROV3288;Ghor;;;;;;;;;;;;;;;;;;x;;;;
PROV3289;Kos;;;;;;;;;;;;;;;;;;x;;;;
PROV3290;Nurota;;;;;;;;;;;;;;;;;;x;;;;
PROV3291;Aalst;;;;;;;;;;;;;;;;;;x;;;;
PROV3292;Bitburg;;;;;;;;;;;;;;;;;;x;;;;
PROV3293;Diedenhofen-Stenay;;;;;;;;;;;;;;;;;;x;;;;
PROV3294;Muraszombat;;;;;;;;;;;;;;;;;;x;;;;
PROV3295;Szabadka;;;;;;;;;;;;;;;;;;x;;;;
PROV3296;Nagykikinda;;;;;;;;;;;;;;;;;;x;;;;
PROV3297;Spittal;;;;;;;;;;;;;;;;;;x;;;;
PROV3298;Steyr;;;;;;;;;;;;;;;;;;x;;;;
PROV3299;Trevnik;;;;;;;;;;;;;;;;;;x;;;;
PROV3300;Arad;;;;;;;;;;;;;;;;;;x;;;;
PROV3301;Jászberény;;;;;;;;;;;;;;;;;;x;;;;
PROV3302;Jászapáti;;;;;;;;;;;;;;;;;;x;;;;
PROV3303;Jászvár;;;;;;;;;;;;;;;;;;x;;;;
PROV3304;Boljevac;;;;;;;;;;;;;;;;;;x;;;;
PROV3305;Kiruna;;;;;;;;;;;;;;;;;;x;;;;
PROV3306;Lycksele;;;;;;;;;;;;;;;;;;x;;;;
PROV3307;Jorvik;;;;;;;;;;;;;;;;;;x;;;;
PROV3308;Suðreyjar;;;;;;;;;;;;;;;;;;x;;;;
PROV695;Twangste;;;;;;;;;;;;;;;;;;x;;;;
PROV696;Ylavia;;;;;;;;;;;;;;;;;;x;;;;
PROV697;Pissakaimas;;;;;;;;;;;;;;;;;;x;;;;
PROV698;Memelis;;;;;;;;;;;;;;;;;;x;;;;
PROV690;Gdansk;;;;;;;;;;;;;;;;;;x;;;;
PROV693;Truso;;;;;;;;;;;;;;;;;;x;;;;
PROV691;Tuchola;;;;;;;;;;;;;;;;;;x;;;;
PROV700;Bydgoszcz;;;;;;;;;;;;;;;;;;x;;;;
PROV699;Poznan;;;;;;;;;;;;;;;;;;x;;;;
PROV692;Walcz;;;;;;;;;;;;;;;;;;x;;;;
PROV681;Kostrzyn;;;;;;;;;;;;;;;;;;x;;;;
PROV680;Koszalic;;;;;;;;;;;;;;;;;;x;;;;
PROV679;Budzistowo;;;;;;;;;;;;;;;;;;x;;;;
PROV546;Bursztbork;;;;;;;;;;;;;;;;;;x;;;;
PROV687;Zhorjelc;;;;;;;;;;;;;;;;;;x;;;;
PROV683;Lehnice;;;;;;;;;;;;;;;;;;x;;;;
PROV682;Vratislav;;;;;;;;;;;;;;;;;;x;;;;
PROV684;Opolí;;;;;;;;;;;;;;;;;;x;;;;
PROV685;Katovice;;;;;;;;;;;;;;;;;;x;;;;
PROV3309;Shupashkar;;;;;;;;;;;;;;;;;;x;;;;
PROV3310;Arzamas;;;;;;;;;;;;;;;;;;x;;;;
PROV281;Skarðæburh;;;;;;;;;;;;;;;;;;x;;;;
PROV280;Bæmburh;;;;;;;;;;;;;;;;;;x;;;;
PROV283;Shéafeld;;;;;;;;;;;;;;;;;;x;;;;
PROV282;Lieds;;;;;;;;;;;;;;;;;;x;;;;
PROV278;Manekæster;;;;;;;;;;;;;;;;;;x;;;;
PROV277;Lonkæster;;;;;;;;;;;;;;;;;;x;;;;
PROV269;Eidinburh;;;;;;;;;;;;;;;;;;x;;;;
PROV271;Glæsge;;;;;;;;;;;;;;;;;;x;;;;
PROV272;Jeddart;;;;;;;;;;;;;;;;;;x;;;;
PROV279;Kymbria;;;;;;;;;;;;;;;;;;x;;;;
PROV268;Dundie;;;;;;;;;;;;;;;;;;x;;;;
PROV266;Æberdien;;;;;;;;;;;;;;;;;;x;;;;
PROV270;Argæl;;;;;;;;;;;;;;;;;;x;;;;
PROV267;Inwernes;;;;;;;;;;;;;;;;;;x;;;;
PROV300;Lunden;;;;;;;;;;;;;;;;;;x;;;;
PROV293;Kelmærsfort;;;;;;;;;;;;;;;;;;x;;;;
PROV295;Væclingskæster;;;;;;;;;;;;;;;;;;x;;;;
PROV291;Grantebryge;;;;;;;;;;;;;;;;;;x;;;;
PROV292;Norþwik;;;;;;;;;;;;;;;;;;x;;;;
PROV289;Likæster;;;;;;;;;;;;;;;;;;x;;;;
PROV290;Lincyln;;;;;;;;;;;;;;;;;;x;;;;
PROV288;Snotingham;;;;;;;;;;;;;;;;;;x;;;;
PROV285;Legkæster;;;;;;;;;;;;;;;;;;x;;;;
PROV284;Bermingham;;;;;;;;;;;;;;;;;;x;;;;
PROV287;Werkæster;;;;;;;;;;;;;;;;;;x;;;;
PROV286;Shrobsburh;;;;;;;;;;;;;;;;;;x;;;; 
PROV296;Brygstow;;;;;;;;;;;;;;;;;;x;;;;
PROV273;Kardif;;;;;;;;;;;;;;;;;;x;;;;
PROV2468;Henriksby;;;;;;;;;;;;;;;;;;x;;;;
PROV294;Oksfort;;;;;;;;;;;;;;;;;;x;;;;
PROV297;Sareburh;;;;;;;;;;;;;;;;;;x;;;;
PROV298;Akemanekæster;;;;;;;;;;;;;;;;;;x;;;;
PROV3268;Kærwik;;;;;;;;;;;;;;;;;;x;;;;
PROV299;Æberplym;;;;;;;;;;;;;;;;;;x;;;;
PROV310;Fredriksund;;;;;;;;;;;;;;;;;;x;;;;
PROV316;Sarpsborg;;;;;;;;;;;;;;;;;;x;;;;
PROV3269;Portsmuð;;;;;;;;;;;;;;;;;;x;;;;
PROV302;Borthelmtun;;;;;;;;;;;;;;;;;;x;;;;
PROV301;Kantarburh;;;;;;;;;;;;;;;;;;x;;;;
PROV303;Suþhamwik;;;;;;;;;;;;;;;;;;x;;;;
PROV274;Aberteifi;;;;;;;;;;;;;;;;;;x;;;; 
PROV276;Caernarfon;;;;;;;;;;;;;;;;;;x;;;;
PROV263;Dyflin;;;;;;;;;;;;;;;;;;x;;;;
PROV256;Ard Mhacha;;;;;;;;;;;;;;;;;;x;;;;
PROV254;Béal Feirste;;;;;;;;;;;;;;;;;;x;;;; 
PROV265;Wæsfort;;;;;;;;;;;;;;;;;;x;;;;
PROV262;Weðerford;;;;;;;;;;;;;;;;;;x;;;;
PROV264;Cill Dara;;;;;;;;;;;;;;;;;;x;;;;
PROV260;Corcaigh;;;;;;;;;;;;;;;;;;x;;;;
PROV261;Luimneach;;;;;;;;;;;;;;;;;;x;;;;
PROV258;Gaillimh;;;;;;;;;;;;;;;;;;x;;;;
PROV259;Sligeach;;;;;;;;;;;;;;;;;;x;;;;
PROV257;Dún na nGall;;;;;;;;;;;;;;;;;;x;;;;
PROV255;Doire Cholm Chille;;;;;;;;;;;;;;;;;;x;;;; 
PROV706;Warszawa;;;;;;;;;;;;;;;;;;x;;;;
PROV394;Karnei;;;;;;;;;;;;;;;;;;x;;;;
PROV392;Namen;;;;;;;;;;;;;;;;;;x;;;;
PROV404;Kamerik;;;;;;;;;;;;;;;;;;x;;;;
PROV395;Leck;;;;;;;;;;;;;;;;;;x;;;;
PROV387;Brussel;;;;;;;;;;;;;;;;;;x;;;;
PROV413;Wirtten;;;;;;;;;;;;;;;;;;x;;;;
PROV411;Nanzig;;;;;;;;;;;;;;;;;;x;;;;
PROV414;Spinneln;;;;;;;;;;;;;;;;;;x;;;;
PROV410;Kolmar;;;;;;;;;;;;;;;;;;x;;;;
PROV409;Straßburg;;;;;;;;;;;;;;;;;;x;;;;
PROV431;Ybblings;;;;;;;;;;;;;;;;;;x;;;;
PROV433;Tramelijng;;;;;;;;;;;;;;;;;;x;;;;
PROV607;Panteninga;;;;;;;;;;;;;;;;;;x;;;;
PROV3250;Friborg;;;;;;;;;;;;;;;;;;x;;;;
PROV608;Nüjiborg;;;;;;;;;;;;;;;;;;x;;;;
PROV432;Besanz;;;;;;;;;;;;;;;;;;x;;;;
PROV609;Hariodinga;;;;;;;;;;;;;;;;;;x;;;;
PROV465;Waslijng;;;;;;;;;;;;;;;;;;x;;;;
PROV466;Marsinga;;;;;;;;;;;;;;;;;;x;;;;
PROV454;Maureninga;;;;;;;;;;;;;;;;;;x;;;;
PROV451;Lijdan;;;;;;;;;;;;;;;;;;x;;;;
PROV469;Harimanne;;;;;;;;;;;;;;;;;;x;;;;
PROV452;Förs;;;;;;;;;;;;;;;;;;x;;;;
PROV453;Walentija;;;;;;;;;;;;;;;;;;x;;;;
PROV468;Wanijon;;;;;;;;;;;;;;;;;;x;;;;
PROV467;Massilijn;;;;;;;;;;;;;;;;;;x;;;;
PROV470;Þulon;;;;;;;;;;;;;;;;;;x;;;;
PROV471;Kälunija;;;;;;;;;;;;;;;;;;x;;;;
PROV472;Nikei;;;;;;;;;;;;;;;;;;x;;;;
PROV3311;Taklamakan;;;;;;;;;;;;;;;;;;x;;;;
PROV3313;Yarkent;;;;;;;;;;;;;;;;;;x;;;;
PROV3312;Qarasheher;;;;;;;;;;;;;;;;;;x;;;;
PROV3314;Hinukh;;;;;;;;;;;;;;;;;;x;;;;
PROV3315;Agwali;;;;;;;;;;;;;;;;;;x;;;;
PROV3316;Kumukh;;;;;;;;;;;;;;;;;;x;;;;
PROV3317;Tshakur;;;;;;;;;;;;;;;;;;x;;;;
PROV3318;Nasran;;;;;;;;;;;;;;;;;;x;;;;
PROV3319;Tarki;;;;;;;;;;;;;;;;;;x;;;;
PROV3320;Quba;;;;;;;;;;;;;;;;;;x;;;;
PROV3321;Kremenchuk;;;;;;;;;;;;;;;;;;x;;;;
PROV3322;Myrhorod;;;;;;;;;;;;;;;;;;x;;;;
PROV3323;Lubny;;;;;;;;;;;;;;;;;;x;;;;
PROV3324;Sumy;;;;;;;;;;;;;;;;;;x;;;;
PROV3325;Pereyáslav;;;;;;;;;;;;;;;;;;x;;;;
PROV3326;Liptsek;;;;;;;;;;;;;;;;;;x;;;;
PROV3327;Pavlovsk;;;;;;;;;;;;;;;;;;x;;;;
PROV3328;Skopin;;;;;;;;;;;;;;;;;;x;;;;
PROV3329;Michurinsk;;;;;;;;;;;;;;;;;;x;;;;
PROV3330;Uvarovo;;;;;;;;;;;;;;;;;;x;;;;
PROV3331;Starodub;;;;;;;;;;;;;;;;;;x;;;;
PROV3332;Chust;;;;;;;;;;;;;;;;;;x;;;;
PROV3333;Máramaros;;;;;;;;;;;;;;;;;;x;;;;
PROV901;Hasakh;;;;;;;;;;;;;;;;;;x;;;;
PROV924;Amedi;;;;;;;;;;;;;;;;;;x;;;;
PROV928;Soran;;;;;;;;;;;;;;;;;;x;;;;
PROV925;Kirkuk;;;;;;;;;;;;;;;;;;x;;;;
PROV1054;Dzæudžyqæu;;;;;;;;;;;;;;;;;;x;;;;
PROV3334;Kutná Hora;;;;;;;;;;;;;;;;;;x;;;;
PROV3335;Zlín;;;;;;;;;;;;;;;;;;x;;;;
PROV3336;Akkale;;;;;;;;;;;;;;;;;;x;;;;
PROV3337;Aksaray;;;;;;;;;;;;;;;;;;x;;;;
PROV3338;Nusheher;;;;;;;;;;;;;;;;;;x;;;;
PROV3339;Quzan;;;;;;;;;;;;;;;;;;x;;;;
PROV876;Engürü;;;;;;;;;;;;;;;;;;x;;;;
PROV868;Pirshehir;;;;;;;;;;;;;;;;;;x;;;;
PROV3339;Kirshehir;;;;;;;;;;;;;;;;;;x;;;;
PROV3340;Sibi;;;;;;;;;;;;;;;;;;x;;;;
PROV3341;Mustang;;;;;;;;;;;;;;;;;;x;;;;
PROV3342;Meghalaya;;;;;;;;;;;;;;;;;;x;;;;
PROV827;Syrakus;;;;;;;;;;;;;;;;;;x;;;;
PROV624;Vas;;;;;;;;;;;;;;;;;;x;;;;
PROV616;Gradec;;;;;;;;;;;;;;;;;;x;;;;
PROV617;Kumanvár;;;;;;;;;;;;;;;;;;x;;;;
PROV619;Bécs;;;;;;;;;;;;;;;;;;x;;;;
PROV620;Triszma;;;;;;;;;;;;;;;;;;x;;;;
PROV621;Kremisza;;;;;;;;;;;;;;;;;;x;;;; 
PROV618;Celovec;;;;;;;;;;;;;;;;;;x;;;;
PROV1182;Saraychyq;;;;;;;;;;;;;;;;;;x;;;;
PROV678;Hacidar;;;;;;;;;;;;;;;;;;x;;;;
PROV969;Orlik;;;;;;;;;;;;;;;;;;x;;;;
PROV968;Yedisan;;;;;;;;;;;;;;;;;;x;;;;
PROV970;Inhul;;;;;;;;;;;;;;;;;;x;;;;
PROV971;Sakhagan;;;;;;;;;;;;;;;;;;x;;;;
PROV972;Özü-Cale;;;;;;;;;;;;;;;;;;x;;;;
PROV973;Kyzyl-Yar;;;;;;;;;;;;;;;;;;x;;;;
PROV974;Babka;;;;;;;;;;;;;;;;;;x;;;;
PROV975;Besterek;;;;;;;;;;;;;;;;;;x;;;;
PROV976;Kalka;;;;;;;;;;;;;;;;;;x;;;;
PROV978;Lopan;;;;;;;;;;;;;;;;;;x;;;; 
PROV979;Kyzyl-Kut;;;;;;;;;;;;;;;;;;x;;;;
PROV980;Ten;;;;;;;;;;;;;;;;;;x;;;;
PROV1055;Sölscha-Ghala;;;;;;;;;;;;;;;;;;x;;;;
PROV1056;Khokhifondz;;;;;;;;;;;;;;;;;;x;;;;
PROV1050;Kabardia;;;;;;;;;;;;;;;;;;x;;;;
PROV1039;Sary Su;;;;;;;;;;;;;;;;;;x;;;;
PROV1040;Sok;;;;;;;;;;;;;;;;;;x;;;;
PROV1041;Elst;;;;;;;;;;;;;;;;;;x;;;;
PROV1045;Meskeçi;;;;;;;;;;;;;;;;;;x;;;;
PROV1046;Cir;;;;;;;;;;;;;;;;;;x;;;;
PROV1047;Azak;;;;;;;;;;;;;;;;;;x;;;;
PROV1048;Qoban;;;;;;;;;;;;;;;;;;x;;;;
PROV965;Akhtiar;;;;;;;;;;;;;;;;;;x;;;;
PROV964;Aq-Mescit;;;;;;;;;;;;;;;;;;x;;;;
PROV967;Kaffa;;;;;;;;;;;;;;;;;;x;;;;
PROV966;Keriç;;;;;;;;;;;;;;;;;;x;;;;
PROV2610;Isan;;;;;;;;;;;;;;;;;;x;;;;
PROV1038;Janaozen;;;;;;;;;;;;;;;;;;x;;;;
PROV1037;Ukek;;;;;;;;;;;;;;;;;;x;;;;
PROV1035;Cinghyley;;;;;;;;;;;;;;;;;;x;;;;
PROV1032;Çistay;;;;;;;;;;;;;;;;;;x;;;;
PROV1033;Sember;;;;;;;;;;;;;;;;;;x;;;;
PROV1033;Ydmyrtir;;;;;;;;;;;;;;;;;;x;;;;
PROV1044;Orynbor;;;;;;;;;;;;;;;;;;x;;;;
PROV1060;Jamanqala;;;;;;;;;;;;;;;;;;x;;;;
PROV1059;Iset;;;;;;;;;;;;;;;;;;x;;;;
PROV1031;Ydmyrtir;;;;;;;;;;;;;;;;;;x;;;;
PROV1058;Miass;;;;;;;;;;;;;;;;;;x;;;; 
PROV2685;Neromkarr;;;;;;;;;;;;;;;;;;x;;;;
PROV2614;Isker;;;;;;;;;;;;;;;;;;x;;;;
PROV2658;Ishem;;;;;;;;;;;;;;;;;;x;;;;
PROV1091;Tskhinval;;;;;;;;;;;;;;;;;;x;;;;
PROV1061;Çinki-Tura;;;;;;;;;;;;;;;;;;x;;;;
PROV1066;Qashliq;;;;;;;;;;;;;;;;;;x;;;;
PROV1064;Tura-Irtesh;;;;;;;;;;;;;;;;;;x;;;;
PROV351;Pernau;;;;;;;;;;;;;;;;;;x;;;;
PROV355;Rönneborg;;;;;;;;;;;;;;;;;;x;;;;
PROV996;Laugas;;;;;;;;;;;;;;;;;;x;;;;
PROV994;Nöteborg;;;;;;;;;;;;;;;;;;x;;;;
PROV997;Ödowa;;;;;;;;;;;;;;;;;;x;;;;
PROV356;Dyneborg;;;;;;;;;;;;;;;;;;x;;;;
PROV3345;Newa;;;;;;;;;;;;;;;;;;x;;;;
PROV3346;Swir;;;;;;;;;;;;;;;;;;x;;;;
PROV3347;Ilmen;;;;;;;;;;;;;;;;;;x;;;;
PROV953;Halyc;;;;;;;;;;;;;;;;;;x;;;;
PROV3343;Mohyliw;;;;;;;;;;;;;;;;;;x;;;;
PROV3344;Uman;;;;;;;;;;;;;;;;;;x;;;;
PROV3348;Taman;;;;;;;;;;;;;;;;;;x;;;;
PROV3349;Ashuwa;;;;;;;;;;;;;;;;;;x;;;;
PROV3350;Tuapse;;;;;;;;;;;;;;;;;;x;;;;
PROV3351;Majar;;;;;;;;;;;;;;;;;;x;;;;
PROV3352;Karaidel;;;;;;;;;;;;;;;;;;x;;;;
PROV3353;Cholm;;;;;;;;;;;;;;;;;;x;;;;
PROV3354;Hotin;;;;;;;;;;;;;;;;;;x;;;;
PROV3355;Porchow;;;;;;;;;;;;;;;;;;x;;;;
PROV3356;Toropets;;;;;;;;;;;;;;;;;;x;;;;
PROV3357;Staraya Russa;;;;;;;;;;;;;;;;;;x;;;;
PROV3358;Kholm;;;;;;;;;;;;;;;;;;x;;;;
PROV3359;Czenstochová;;;;;;;;;;;;;;;;;;x;;;;
PROV3360;Kassimov;;;;;;;;;;;;;;;;;;x;;;;
PROV3361;Šuomua;;;;;;;;;;;;;;;;;;x;;;;
PROV3362;Gümse;;;;;;;;;;;;;;;;;;x;;;;
PROV3363;Kakheti;;;;;;;;;;;;;;;;;;x;;;;
PROV3364;Mtskheta;;;;;;;;;;;;;;;;;;x;;;;
PROV3365;Gori;;;;;;;;;;;;;;;;;;x;;;;
PROV3366;Ilisu;;;;;;;;;;;;;;;;;;x;;;;
PROV3367;Qazakh;;;;;;;;;;;;;;;;;;x;;;;
PROV3368;Shushi;;;;;;;;;;;;;;;;;;x;;;;
PROV1100;Zangezur;;;;;;;;;;;;;;;;;;x;;;;  
PROV3369;Khalilabad;;;;;;;;;;;;;;;;;;x;;;;
PROV3370;Shirvan;;;;;;;;;;;;;;;;;;x;;;;
PROV1052;Darband;;;;;;;;;;;;;;;;;;x;;;;
PROV1105;Ganjeh;;;;;;;;;;;;;;;;;;x;;;;
PROV3371;Rizini;;;;;;;;;;;;;;;;;;x;;;;
PROV3372;Volga;;;;;;;;;;;;;;;;;;x;;;;
PROV3373;Don;;;;;;;;;;;;;;;;;;x;;;;
PROV3374;Northern Caspian Sea;;;;;;;;;;;;;;;;;;x;;;;
PROV3375;Southern Caspian Sea;;;;;;;;;;;;;;;;;;x;;;;
PROV3376;Mardin;;;;;;;;;;;;;;;;;;x;;;;
PROV3377;Bayburt;;;;;;;;;;;;;;;;;;x;;;;
PROV3378;Nikeja;;;;;;;;;;;;;;;;;;x;;;;
PROV3379;Marand;;;;;;;;;;;;;;;;;;x;;;;
PROV3380;Parsabad;;;;;;;;;;;;;;;;;;x;;;;
PROV3381;Miyaneh;;;;;;;;;;;;;;;;;;x;;;;
PROV3382;Soltaniyeh;;;;;;;;;;;;;;;;;;x;;;;
PROV3383;Astara;;;;;;;;;;;;;;;;;;x;;;;
PROV3384;Tabas;;;;;;;;;;;;;;;;;;x;;;;
PROV3385;Ghaen;;;;;;;;;;;;;;;;;;x;;;;
PROV3386;Dasht-e Kavir;;;;;;;;;;;;;;;;;;x;;;;
PROV3387;Najafabad;;;;;;;;;;;;;;;;;;x;;;;
PROV3388;Behbahan;;;;;;;;;;;;;;;;;;x;;;;
PROV3389;Jahrom;;;;;;;;;;;;;;;;;;x;;;;
PROV3390;Abadeh;;;;;;;;;;;;;;;;;;x;;;;
PROV3391;Lar;;;;;;;;;;;;;;;;;;x;;;;
PROV3392;Abarkuh;;;;;;;;;;;;;;;;;;x;;;;
PROV3393;Dera Ismail Khan;;;;;;;;;;;;;;;;;;x;;;;
PROV3394;Kohistan;;;;;;;;;;;;;;;;;;x;;;;
PROV3395;Karimabad;;;;;;;;;;;;;;;;;;x;;;;
PROV3396;Sarakhs;;;;;;;;;;;;;;;;;;x;;;;
PROV3397;Elbrus;;;;;;;;;;;;;;;;;;x;;;;
PROV107;Ighdir;;;;;;;;;;;;;;;;;;x;;;;
PROV887;Arz-e Rum;;;;;;;;;;;;;;;;;;x;;;;
PROV1197;Kamranabad;;;;;;;;;;;;;;;;;;x;;;;
PROV1185;Sholakkorgan;;;;;;;;;;;;;;;;;;x;;;;
PROV1193;Yasi;;;;;;;;;;;;;;;;;;x;;;;
PROV888;Ismailabad;;;;;;;;;;;;;;;;;;x;;;;
PROV3398;Mishrian;;;;;;;;;;;;;;;;;;x;;;;
PROV3399;Uzboy;;;;;;;;;;;;;;;;;;x;;;;
PROV3400;Enderi;;;;;;;;;;;;;;;;;;x;;;;
PROV3401;Abdzakh;;;;;;;;;;;;;;;;;;x;;;;
PROV1155;Najran;;;;;;;;;;;;;;;;;;x;;;;
PROV1164;al-Hasa;;;;;;;;;;;;;;;;;;x;;;;
PROV1163;al-Qatif;;;;;;;;;;;;;;;;;;x;;;;
PROV1049;Shapsug;;;;;;;;;;;;;;;;;;x;;;;
PROV3402;Mandsaur;;;;;;;;;;;;;;;;;;x;;;;
PROV1284;Ahmednagar;;;;;;;;;;;;;;;;;;x;;;;
PROV3264;Srikakulam;;;;;;;;;;;;;;;;;;x;;;;
PROV1283;Golkonda;;;;;;;;;;;;;;;;;;x;;;;
PROV1285;Indur;;;;;;;;;;;;;;;;;;x;;;;
PROV1696;Saqiya;;;;;;;;;;;;;;;;;;x;;;;
PROV1773;Ijil;;;;;;;;;;;;;;;;;;x;;;;
PROV1775;Awlil;;;;;;;;;;;;;;;;;;x;;;;
PROV3408;Arguin;;;;;;;;;;;;;;;;;;x;;;;
PROV3403;Wadane;;;;;;;;;;;;;;;;;;x;;;;
PROV3404;Awdaghost;;;;;;;;;;;;;;;;;;x;;;;
PROV3406;Hodh;;;;;;;;;;;;;;;;;;x;;;;
PROV3403;Wadane;;;;;;;;;;;;;;;;;;x;;;;
PROV1689;Walata;;;;;;;;;;;;;;;;;;x;;;;
PROV1781;Tichitt;;;;;;;;;;;;;;;;;;x;;;;
PROV2609;Arawane;;;;;;;;;;;;;;;;;;x;;;;
PROV3407;Tawdenni;;;;;;;;;;;;;;;;;;x;;;;
PROV1717;Teghaza;;;;;;;;;;;;;;;;;;x;;;;
PROV3409;Twat;;;;;;;;;;;;;;;;;;x;;;;
PROV3410;al-Qulai'a;;;;;;;;;;;;;;;;;;x;;;;
PROV1712;al-Borma;;;;;;;;;;;;;;;;;;x;;;;
PROV1719;Ghadames;;;;;;;;;;;;;;;;;;x;;;;
PROV1721;Ahaggar;;;;;;;;;;;;;;;;;;x;;;;
PROV3410;al-Qulai'a;;;;;;;;;;;;;;;;;;x;;;;
PROV1742;Awjila;;;;;;;;;;;;;;;;;;x;;;;
PROV3411;Farafra;;;;;;;;;;;;;;;;;;x;;;;
PROV3405;Egyptian Desert;;;;;;;;;;;;;;;;;;x;;;;
PROV2858;al-Kufra;;;;;;;;;;;;;;;;;;x;;;;
PROV1814;Djourab;;;;;;;;;;;;;;;;;;x;;;;
PROV2564;Fada;;;;;;;;;;;;;;;;;;x;;;;
PROV3415;Nukheila;;;;;;;;;;;;;;;;;;x;;;;
PROV3414;Salima;;;;;;;;;;;;;;;;;;x;;;;
PROV3413;Zalla;;;;;;;;;;;;;;;;;;x;;;;
PROV1951;Ngarazama;;;;;;;;;;;;;;;;;;x;;;;
PROV1961;al-Junaynah;;;;;;;;;;;;;;;;;;x;;;;
PROV1841;Niyala;;;;;;;;;;;;;;;;;;x;;;;
PROV1841;Nyala;;;;;;;;;;;;;;;;;;x;;;;
PROV1312;Makran;;;;;;;;;;;;;;;;;;x;;;;
PROV2591;Konduz;;;;;;;;;;;;;;;;;;x;;;;
PROV920;Reqeh;;;;;;;;;;;;;;;;;;x;;;;
PROV909;al-Kerak;;;;;;;;;;;;;;;;;;x;;;;
PROV908;'Aman;;;;;;;;;;;;;;;;;;x;;;;
PROV2499;Sharm al-Qa'im;;;;;;;;;;;;;;;;;;x;;;;
PROV2497;Makan al-Bij'a;;;;;;;;;;;;;;;;;;x;;;;
PROV2498;'Ardu Nounkour;;;;;;;;;;;;;;;;;;x;;;;
PROV3416;Ma'an;;;;;;;;;;;;;;;;;;x;;;;
PROV3417;Elbistan;;;;;;;;;;;;;;;;;;x;;;; 
PROV911;Sakaka;;;;;;;;;;;;;;;;;;x;;;;
PROV910;al-Qaryat;;;;;;;;;;;;;;;;;;x;;;;
PROV1156;Sahra' al-Nafud;;;;;;;;;;;;;;;;;;x;;;;
PROV1158;Sahra' al-Dahna;;;;;;;;;;;;;;;;;;x;;;;
PROV3418;Mantua;;;;;;;;;;;;;;;;;;x;;;;
PROV3419;Noli;;;;;;;;;;;;;;;;;;x;;;;
PROV3420;Asti;;;;;;;;;;;;;;;;;;x;;;;
PROV3421;Casale Monferrato;;;;;;;;;;;;;;;;;;x;;;;
PROV3422;Dobryzn;;;;;;;;;;;;;;;;;;x;;;;
PROV3423;Gamebela;;;;;;;;;;;;;;;;;;x;;;;
PROV3424;Gibe;;;;;;;;;;;;;;;;;;x;;;;
PROV3425;al-Nasir;;;;;;;;;;;;;;;;;;x;;;;
PROV3426;Degehabur;;;;;;;;;;;;;;;;;;x;;;;
PROV3427;Mustahil;;;;;;;;;;;;;;;;;;x;;;;
PROV3428;Afder;;;;;;;;;;;;;;;;;;x;;;;
PROV3429;Aykel;;;;;;;;;;;;;;;;;;x;;;;
PROV3430;Sanja;;;;;;;;;;;;;;;;;;x;;;;
PROV3431;Lynediws;;;;;;;;;;;;;;;;;;x;;;;
PROV3432;Darkaims;;;;;;;;;;;;;;;;;;x;;;;
PROV3433;Luka;;;;;;;;;;;;;;;;;;x;;;;
PROV1848;Tsazega;;;;;;;;;;;;;;;;;;x;;;;
PROV3434;Naftmardab;;;;;;;;;;;;;;;;;;x;;;;
PROV3435;Rufiji;;;;;;;;;;;;;;;;;;x;;;;
PROV3436;Lichinga;;;;;;;;;;;;;;;;;;x;;;;
PROV3438;Bukoba;;;;;;;;;;;;;;;;;;x;;;;
PROV3437;Dodomo;;;;;;;;;;;;;;;;;;x;;;;
PROV3439;Ijara;;;;;;;;;;;;;;;;;;x;;;;
PROV3440;Sumbawanga;;;;;;;;;;;;;;;;;;x;;;;
PROV3441;Wadi al-Dawasir;;;;;;;;;;;;;;;;;;x;;;;
PROV3442;al-Jawf;;;;;;;;;;;;;;;;;;x;;;;
PROV3443;Ma'rib;;;;;;;;;;;;;;;;;;x;;;;
PROV3444;Lushoto;;;;;;;;;;;;;;;;;;x;;;;
PROV3445;Musoma;;;;;;;;;;;;;;;;;;x;;;;
PROV3446;Abu Hamed;;;;;;;;;;;;;;;;;;x;;;;
PROV2037;Rovuma;;;;;;;;;;;;;;;;;;x;;;;
PROV2581;Namuno;;;;;;;;;;;;;;;;;;x;;;;
PROV2063;Pemba;;;;;;;;;;;;;;;;;;x;;;;
PROV2060;Mussambiki;;;;;;;;;;;;;;;;;;x;;;;
PROV2059;Mkalimani;;;;;;;;;;;;;;;;;;x;;;;
PROV2033;Garissa;;;;;;;;;;;;;;;;;;x;;;;
PROV2032;Voi;;;;;;;;;;;;;;;;;;x;;;;
PROV2046;Ujiji;;;;;;;;;;;;;;;;;;x;;;;
PROV1867;Hargeysa;;;;;;;;;;;;;;;;;;x;;;;
PROV3447;Zazzau;;;;;;;;;;;;;;;;;;x;;;;
PROV3448;Meiganga;;;;;;;;;;;;;;;;;;x;;;;
PROV3449;Nguti;;;;;;;;;;;;;;;;;;x;;;;
PROV3450;Nagero;;;;;;;;;;;;;;;;;;x;;;;
PROV3451;Nahr al-Manzur;;;;;;;;;;;;;;;;;;x;;;;
PROV3452;Afoogye;;;;;;;;;;;;;;;;;;x;;;;
PROV1755;al-Isma'iliyya;;;;;;;;;;;;;;;;;;x;;;;
PROV1756;al-'Arish;;;;;;;;;;;;;;;;;;x;;;;
PROV921;al-Naqb;;;;;;;;;;;;;;;;;;x;;;;
PROV919;Yafa;;;;;;;;;;;;;;;;;;x;;;;
PROV917;al-Quds;;;;;;;;;;;;;;;;;;x;;;;
PROV918;Nabulus;;;;;;;;;;;;;;;;;;x;;;;
PROV916;'Akka;;;;;;;;;;;;;;;;;;x;;;;
PROV906;al-Suwaida';;;;;;;;;;;;;;;;;;x;;;;
PROV915;Sur;;;;;;;;;;;;;;;;;;x;;;;
PROV913;Bayrut;;;;;;;;;;;;;;;;;;x;;;;
PROV912;Ba'labakk;;;;;;;;;;;;;;;;;;x;;;;
PROV912;Tarabulus;;;;;;;;;;;;;;;;;;x;;;;
PROV905;al-Ladiqiyya;;;;;;;;;;;;;;;;;;x;;;;
PROV897;Halab;;;;;;;;;;;;;;;;;;x;;;;
PROV903;Hims;;;;;;;;;;;;;;;;;;x;;;;
PROV902;Dimashq;;;;;;;;;;;;;;;;;;x;;;;
PROV904;Sinjar;;;;;;;;;;;;;;;;;;x;;;;
PROV907;Tadmur;;;;;;;;;;;;;;;;;;x;;;;
PROV1153;al-Madina;;;;;;;;;;;;;;;;;;x;;;;
PROV1151;Makka;;;;;;;;;;;;;;;;;;x;;;;
PROV1152;Jiddah;;;;;;;;;;;;;;;;;;x;;;;
PROV1161;al-Dawadmi;;;;;;;;;;;;;;;;;;x;;;;
PROV1159;Bisha;;;;;;;;;;;;;;;;;;x;;;;
PROV2586;Rub al-Khali;;;;;;;;;;;;;;;;;;x;;;;
PROV930;Maysan;;;;;;;;;;;;;;;;;;x;;;;
PROV1101;Jolfa;;;;;;;;;;;;;;;;;;x;;;;
PROV932;Basreh;;;;;;;;;;;;;;;;;;x;;;;
PROV1160;Ha'il;;;;;;;;;;;;;;;;;;x;;;;
PROV922;Rafha;;;;;;;;;;;;;;;;;;x;;;;
PROV3453;Chavar;;;;;;;;;;;;;;;;;;x;;;;
PROV1119;Kermanshah;;;;;;;;;;;;;;;;;;x;;;;
PROV2136;Achinet;;;;;;;;;;;;;;;;;;x;;;;
PROV1691;Anfa;;;;;;;;;;;;;;;;;;x;;;;
PROV3454;Anar Dareh;;;;;;;;;;;;;;;;;;x;;;;
PROV1117;Sanandaj;;;;;;;;;;;;;;;;;;x;;;;
PROV1118;Saqqez;;;;;;;;;;;;;;;;;;x;;;;
PROV1110;Orumiyeh;;;;;;;;;;;;;;;;;;x;;;;
PROV3412;Nafusa;;;;;;;;;;;;;;;;;;x;;;;
PROV1842;al-Fasher;;;;;;;;;;;;;;;;;;x;;;;
PROV1180;Haima';;;;;;;;;;;;;;;;;;x;;;;
PROV3280;Thumrait;;;;;;;;;;;;;;;;;;x;;;;
PROV3455;Bust;;;;;;;;;;;;;;;;;;x;;;;
PROV3456;Qaleh-ye Ganj;;;;;;;;;;;;;;;;;;x;;;;
PROV3457;Pahreh;;;;;;;;;;;;;;;;;;x;;;;
PROV3458;Sar-e Pol;;;;;;;;;;;;;;;;;;x;;;;
PROV1144;Dozdab;;;;;;;;;;;;;;;;;;x;;;;
PROV1744;Ghat;;;;;;;;;;;;;;;;;;x;;;;
PROV3459;Gobir;;;;;;;;;;;;;;;;;;x;;;;
PROV3460;Rano;;;;;;;;;;;;;;;;;;x;;;;
PROV3461;Daura;;;;;;;;;;;;;;;;;;x;;;;
PROV3462;Yauri;;;;;;;;;;;;;;;;;;x;;;;
PROV3474;Niya;;;;;;;;;;;;;;;;;;x;;;;
PROV3464;Kuhikugu;;;;;;;;;;;;;;;;;;x;;;;
PROV3465;Waura;;;;;;;;;;;;;;;;;;x;;;;
PROV3466;Tembe;;;;;;;;;;;;;;;;;;x;;;;
PROV3467;Tobajara;;;;;;;;;;;;;;;;;;x;;;;
PROV3468;Chakamekra;;;;;;;;;;;;;;;;;;x;;;;
PROV3469;Itaueira;;;;;;;;;;;;;;;;;;x;;;;
PROV3470;Apinaye;;;;;;;;;;;;;;;;;;x;;;;
PROV3471;Cariri;;;;;;;;;;;;;;;;;;x;;;;
PROV3472;Amoipira;;;;;;;;;;;;;;;;;;x;;;;
PROV3474;Niya;;;;;;;;;;;;;;;;;;x;;;;
PROV3475;Shikrin;;;;;;;;;;;;;;;;;;x;;;;
PROV3476;Gorotire;;;;;;;;;;;;;;;;;;x;;;;
PROV3477;Juruna;;;;;;;;;;;;;;;;;;x;;;;
PROV3478;Bororo;;;;;;;;;;;;;;;;;;x;;;;
PROV3479;Tshukahamai;;;;;;;;;;;;;;;;;;x;;;;
PROV3480;Kawahib;;;;;;;;;;;;;;;;;;x;;;;
PROV3481;Amazon Delta;;;;;;;;;;;;;;;;;;x;;;;
PROV2607;Qakilik;;;;;;;;;;;;;;;;;;x;;;;
PROV1825;Western Libyian Desert;;;;;;;;;;;;;;;;;;x;;;;
PROV1758;Eastern Libyian Desert;;;;;;;;;;;;;;;;;;x;;;;
PROV1904;Tumbuktu;;;;;;;;;;;;;;;;;;x;;;;
PROV1918;Fada N'Gurma;;;;;;;;;;;;;;;;;;x;;;;
PROV3463;Teotitlan;;;;;;;;;;;;;;;;;;x;;;;
PROV1714;Kantarawi;;;;;;;;;;;;;;;;;;x;;;;
PROV1979;Apalai;;;;;;;;;;;;;;;;;;x;;;;
PROV2235;Qasr al-Mawa;;;;;;;;;;;;;;;;;;x;;;;
PROV2239;Qal'at al-Malik;;;;;;;;;;;;;;;;;;x;;;;
PROV2240;Shati al-Dhikr;;;;;;;;;;;;;;;;;;x;;;;
PROV2241;Kalifiyya;;;;;;;;;;;;;;;;;;x;;;;
PROV2242;Puinaves;;;;;;;;;;;;;;;;;;x;;;;
PROV2243;Cote de Cacao;;;;;;;;;;;;;;;;;;x;;;;
PROV2245;Wayana;;;;;;;;;;;;;;;;;;x;;;; 
PROV2246;Taira;;;;;;;;;;;;;;;;;;x;;;;
PROV2247;Bogotes;;;;;;;;;;;;;;;;;;x;;;; 
PROV2248;Vallee d'Emeraude;;;;;;;;;;;;;;;;;;x;;;; 
PROV2249;Uncha;;;;;;;;;;;;;;;;;;x;;;; 
PROV2250;Palestine;;;;;;;;;;;;;;;;;;x;;;;
PROV2251;Koukoutes;;;;;;;;;;;;;;;;;;x;;;; 
PROV2252;Mellionnec;;;;;;;;;;;;;;;;;;x;;;; 
PROV2253;Jokones;;;;;;;;;;;;;;;;;;x;;;;
PROV2254;Nou Tolosa;;;;;;;;;;;;;;;;;;x;;;; 
PROV2255;Tayrones;;;;;;;;;;;;;;;;;;x;;;; 
PROV2256;Kalimes;;;;;;;;;;;;;;;;;;x;;;;  
PROV2257;Roseaux;;;;;;;;;;;;;;;;;;x;;;;
PROV2258;Cayapa;;;;;;;;;;;;;;;;;;x;;;; 
PROV2260;Jogeaux;;;;;;;;;;;;;;;;;;x;;;; 
PROV2261;Kubeo;;;;;;;;;;;;;;;;;;x;;;; 
PROV2262;Uipes;;;;;;;;;;;;;;;;;;x;;;; 
PROV2263;Witoto;;;;;;;;;;;;;;;;;;x;;;; 
PROV2264;Nou Noned;;;;;;;;;;;;;;;;;;x;;;; 
PROV2265;Fort de Cartier;;;;;;;;;;;;;;;;;;x;;;; 
PROV2266;Pichon de Tula;;;;;;;;;;;;;;;;;;x;;;; 
PROV2267;Cumanes;;;;;;;;;;;;;;;;;;x;;;; 
PROV2268;Sant Daix;;;;;;;;;;;;;;;;;;x;;;; 
PROV2269;Port du Francois;;;;;;;;;;;;;;;;;;x;;;; 
PROV2270;Baie de Vayoix;;;;;;;;;;;;;;;;;;x;;;; 
PROV2271;Tajure;;;;;;;;;;;;;;;;;;x;;;;
PROV2272;Foix de la Mar;;;;;;;;;;;;;;;;;;x;;;;
PROV2273;Saketiones;;;;;;;;;;;;;;;;;;x;;;;
PROV2274;Plaines;;;;;;;;;;;;;;;;;;x;;;;
PROV2275;Guirnaux;;;;;;;;;;;;;;;;;;x;;;;
PROV2276;Delta l'Guirnaux;;;;;;;;;;;;;;;;;;x;;;;
PROV2277;Montanges;;;;;;;;;;;;;;;;;;x;;;;
PROV2278;Purusmayu;;;;;;;;;;;;;;;;;;x;;;;
PROV2279;Kitu;;;;;;;;;;;;;;;;;;x;;;;
PROV2280;Wancavilca;;;;;;;;;;;;;;;;;;x;;;;
PROV2281;Manta;;;;;;;;;;;;;;;;;;x;;;;
PROV2282;Ayawaka;;;;;;;;;;;;;;;;;;x;;;;
PROV2283;Shuwar;;;;;;;;;;;;;;;;;;x;;;;
PROV2284;Achwara;;;;;;;;;;;;;;;;;;x;;;;
PROV2286;Awriqmayu;;;;;;;;;;;;;;;;;;x;;;;
PROV2287;Muyupampa;;;;;;;;;;;;;;;;;;x;;;;
PROV2288;Ikitusuyu;;;;;;;;;;;;;;;;;;x;;;;
PROV2289;Bab al-Ghaba;;;;;;;;;;;;;;;;;;x;;;;
PROV2290;Wayapampa;;;;;;;;;;;;;;;;;;x;;;;
PROV2291;Nariwala;;;;;;;;;;;;;;;;;;x;;;;
PROV2292;Sichura;;;;;;;;;;;;;;;;;;x;;;;
PROV2293;Atawillu;;;;;;;;;;;;;;;;;;x;;;;
PROV2294;Palta;;;;;;;;;;;;;;;;;;x;;;;
PROV2295;Pachakamaq;;;;;;;;;;;;;;;;;;x;;;;
PROV2296;Chuqlluqucha;;;;;;;;;;;;;;;;;;x;;;;
PROV2298;Chimputi;;;;;;;;;;;;;;;;;;x;;;;
PROV2299;Ruk'ana;;;;;;;;;;;;;;;;;;x;;;;
PROV2300;Ukayalimayu;;;;;;;;;;;;;;;;;;x;;;;
PROV2301;Pakawara;;;;;;;;;;;;;;;;;;x;;;;  
PROV2302;Chumpiwillka;;;;;;;;;;;;;;;;;;x;;;;
PROV2304;Ariqipa;;;;;;;;;;;;;;;;;;x;;;;    
PROV2305;Hattunhaya;;;;;;;;;;;;;;;;;;x;;;; 
PROV2307;Ckara Ama;;;;;;;;;;;;;;;;;;x;;;; 
PROV2308;Arika;;;;;;;;;;;;;;;;;;x;;;;
PROV2309;Killaqa;;;;;;;;;;;;;;;;;;x;;;;
PROV2310;Tiwanaku;;;;;;;;;;;;;;;;;;x;;;;
PROV2311;Sakawa;;;;;;;;;;;;;;;;;;x;;;; 
PROV2312;Uru Uru;;;;;;;;;;;;;;;;;;x;;;;
PROV2313;Urunquta;;;;;;;;;;;;;;;;;;x;;;;
PROV2314;P'utuqsi Urqu;;;;;;;;;;;;;;;;;;x;;;;  
PROV2315;Chawuncu;;;;;;;;;;;;;;;;;;x;;;;  
PROV2316;Yuqui;;;;;;;;;;;;;;;;;;x;;;; 
PROV2317;Tarapecosi;;;;;;;;;;;;;;;;;;x;;;; 
PROV2318;Zamuco;;;;;;;;;;;;;;;;;;x;;;; 
PROV2319;Muhuspampa;;;;;;;;;;;;;;;;;;x;;;;
PROV2320;Tupari;;;;;;;;;;;;;;;;;;x;;;;
PROV2321;Rik’a;;;;;;;;;;;;;;;;;;x;;;;
PROV2322;Wiluma;;;;;;;;;;;;;;;;;;x;;;;
PROV2323;Qupiyapu;;;;;;;;;;;;;;;;;;x;;;; 
PROV2324;Mapu Chuco;;;;;;;;;;;;;;;;;;x;;;; 
PROV2325;Pikunche;;;;;;;;;;;;;;;;;;x;;;;
PROV2326;Aqunqhawaq;;;;;;;;;;;;;;;;;;x;;;; 
PROV2327;Tralkan;;;;;;;;;;;;;;;;;;x;;;;
PROV2328;Ainil;;;;;;;;;;;;;;;;;;x;;;; 
PROV2329;Temuko;;;;;;;;;;;;;;;;;;x;;;; 
PROV2330;Cauqui;;;;;;;;;;;;;;;;;;x;;;;
PROV2331;Nglefen;;;;;;;;;;;;;;;;;;x;;;;
PROV2332;Chauracawi;;;;;;;;;;;;;;;;;;x;;;;
PROV2333;Chono;;;;;;;;;;;;;;;;;;x;;;; 
PROV2334;Kaweskar;;;;;;;;;;;;;;;;;;x;;;; 
PROV2335;Yaghan;;;;;;;;;;;;;;;;;;x;;;; 
PROV2337;Enxet;;;;;;;;;;;;;;;;;;x;;;;  
PROV2338;Kaskiha;;;;;;;;;;;;;;;;;;x;;;;
PROV2343;Terena;;;;;;;;;;;;;;;;;;x;;;;
PROV2349;Chana;;;;;;;;;;;;;;;;;;x;;;;
PROV2350;Haribi;;;;;;;;;;;;;;;;;;x;;;;
PROV2351;Ghanam;;;;;;;;;;;;;;;;;;x;;;;
PROV2352;Hara'ith;;;;;;;;;;;;;;;;;;x;;;;
PROV2353;Diwihit;;;;;;;;;;;;;;;;;;x;;;; 
PROV2354;Chichihit;;;;;;;;;;;;;;;;;;x;;;; 
PROV2355;Gwenaken;;;;;;;;;;;;;;;;;;x;;;;
PROV2359;Minuwi;;;;;;;;;;;;;;;;;;x;;;;
PROV2361;Koronda;;;;;;;;;;;;;;;;;;x;;;;
PROV2362;Yaaucaniga;;;;;;;;;;;;;;;;;;x;;;;
PROV2363;Qirandi;;;;;;;;;;;;;;;;;;x;;;;
PROV2364;Riicage;;;;;;;;;;;;;;;;;;x;;;;
PROV2365;Lule;;;;;;;;;;;;;;;;;;x;;;;  
PROV2366;Toba;;;;;;;;;;;;;;;;;;x;;;;  
PROV2367;Nivakle;;;;;;;;;;;;;;;;;;x;;;; 
PROV2368;Kalchaki;;;;;;;;;;;;;;;;;;x;;;;
PROV2369;Llika;;;;;;;;;;;;;;;;;;x;;;;
PROV2370;Humawaka;;;;;;;;;;;;;;;;;;x;;;;
PROV2371;Wichimarka;;;;;;;;;;;;;;;;;;x;;;; 
PROV2372;Chane;;;;;;;;;;;;;;;;;;x;;;; 
PROV2373;Tukmasuyu;;;;;;;;;;;;;;;;;;x;;;; 
PROV2374;Saleta;;;;;;;;;;;;;;;;;;x;;;;
PROV2375;Katamarka;;;;;;;;;;;;;;;;;;x;;;;
PROV2376;Xuri;;;;;;;;;;;;;;;;;;x;;;; 
PROV2377;Waqhaumbaelte;;;;;;;;;;;;;;;;;;x;;;;
PROV2378;Sanaviron;;;;;;;;;;;;;;;;;;x;;;;
PROV2379;Quisquisacate;;;;;;;;;;;;;;;;;;x;;;;
PROV2380;Suquia;;;;;;;;;;;;;;;;;;x;;;;
PROV2381;Michilingüe;;;;;;;;;;;;;;;;;;x;;;; 
PROV2382;Taluhat;;;;;;;;;;;;;;;;;;x;;;;
PROV2383;Milykayak;;;;;;;;;;;;;;;;;;x;;;; 
PROV2384;Pewenche;;;;;;;;;;;;;;;;;;x;;;;
PROV2385;Kapayan;;;;;;;;;;;;;;;;;;x;;;;
PROV2386;Mogolma;;;;;;;;;;;;;;;;;;x;;;; 
PROV2387;Alyentiyak;;;;;;;;;;;;;;;;;;x;;;; 
PROV2388;Kalinsuyu;;;;;;;;;;;;;;;;;;x;;;;
PROV2389;Chiqiyama;;;;;;;;;;;;;;;;;;x;;;;
PROV2390;Malalwe;;;;;;;;;;;;;;;;;;x;;;; 
PROV2391;Furiloche;;;;;;;;;;;;;;;;;;x;;;; 
PROV2392;Gennakenk du Nord;;;;;;;;;;;;;;;;;;x;;;;  
PROV2393;Rankülche;;;;;;;;;;;;;;;;;;x;;;; 
PROV2394;Chewelche;;;;;;;;;;;;;;;;;;x;;;;
PROV2395;Kurako;;;;;;;;;;;;;;;;;;x;;;;
PROV2396;Gennakenk du Sud;;;;;;;;;;;;;;;;;;x;;;; 
PROV2397;Chüwach-a-Künna;;;;;;;;;;;;;;;;;;x;;;;
PROV2398;Teushen;;;;;;;;;;;;;;;;;;x;;;;
PROV2399;Aonikenk;;;;;;;;;;;;;;;;;;x;;;;
PROV2400;Karukinka;;;;;;;;;;;;;;;;;;x;;;;
PROV2401;Umawa;;;;;;;;;;;;;;;;;;x;;;;
PROV2402;al-Maniyyu;;;;;;;;;;;;;;;;;;x;;;;
PROV2403;Maku;;;;;;;;;;;;;;;;;;x;;;;
PROV2404;Mura;;;;;;;;;;;;;;;;;;x;;;;
PROV2405;Munduruku;;;;;;;;;;;;;;;;;;x;;;;
PROV2407;Kanamari;;;;;;;;;;;;;;;;;;x;;;;
PROV2408;Waiwai;;;;;;;;;;;;;;;;;;x;;;;
PROV2410;Qal'at al-Tufuyya;;;;;;;;;;;;;;;;;;x;;;;
PROV2411;Burj al-Hassim;;;;;;;;;;;;;;;;;;x;;;;
PROV2412;Hisn al-Arwa;;;;;;;;;;;;;;;;;;x;;;;
PROV2415;Mashaba;;;;;;;;;;;;;;;;;;x;;;;
PROV2416;Mbaya;;;;;;;;;;;;;;;;;;x;;;;
PROV2417;Guato;;;;;;;;;;;;;;;;;;x;;;;
PROV2419;Southern Kayapo;;;;;;;;;;;;;;;;;;x;;;;
PROV2420;Ofaye;;;;;;;;;;;;;;;;;;x;;;;
PROV2421;Ndaquhurun;;;;;;;;;;;;;;;;;;x;;;;
PROV2422;Shawanti;;;;;;;;;;;;;;;;;;x;;;;
PROV2423;Ndaqu Aqtr;;;;;;;;;;;;;;;;;;x;;;; 
PROV2427;Fulnio;;;;;;;;;;;;;;;;;;x;;;; 
PROV2430;Shoco;;;;;;;;;;;;;;;;;;x;;;;
PROV2433;Shukuru;;;;;;;;;;;;;;;;;;x;;;; 
PROV2437;Yrupi;;;;;;;;;;;;;;;;;;x;;;; 
PROV2438;Gwanambi;;;;;;;;;;;;;;;;;;x;;;; 
PROV2444;Parakatu;;;;;;;;;;;;;;;;;;x;;;; 
PROV2453;Apapucova;;;;;;;;;;;;;;;;;;x;;;;
PROV2456;Ararakwara;;;;;;;;;;;;;;;;;;x;;;;
PROV2458;Iguatemi;;;;;;;;;;;;;;;;;;x;;;;
PROV2465;Kayinqa;;;;;;;;;;;;;;;;;;x;;;;
PROV2532;Wayampi;;;;;;;;;;;;;;;;;;x;;;;
PROV2549;al-Mina';;;;;;;;;;;;;;;;;;x;;;;
PROV2550;Baikiri;;;;;;;;;;;;;;;;;;x;;;;
PROV2578;Taqna;;;;;;;;;;;;;;;;;;x;;;;
PROV3485;Tupisa;;;;;;;;;;;;;;;;;;x;;;;
PROV3486;Quchapampa;;;;;;;;;;;;;;;;;;x;;;; 
PROV3487;Wanqani;;;;;;;;;;;;;;;;;;x;;;;
PROV3488;Hullaqa;;;;;;;;;;;;;;;;;;x;;;;
PROV3489;Yanawqa;;;;;;;;;;;;;;;;;;x;;;; 
PROV3490;Uskallaqta;;;;;;;;;;;;;;;;;;x;;;; 
PROV3491;Muqiwa;;;;;;;;;;;;;;;;;;x;;;;
PROV3492;Qarawili;;;;;;;;;;;;;;;;;;x;;;;
PROV3493;Kutapampa;;;;;;;;;;;;;;;;;;x;;;;
PROV3494;Akari;;;;;;;;;;;;;;;;;;x;;;;
PROV3495;Naska;;;;;;;;;;;;;;;;;;x;;;;
PROV3496;Chincha;;;;;;;;;;;;;;;;;;x;;;; 
PROV3497;Wachu;;;;;;;;;;;;;;;;;;x;;;;
PROV3498;Chanchan;;;;;;;;;;;;;;;;;;x;;;;
PROV3499;Tumpis;;;;;;;;;;;;;;;;;;x;;;; 
PROV3500;Wankapampa;;;;;;;;;;;;;;;;;;x;;;;
PROV3501;Sach'apuyu;;;;;;;;;;;;;;;;;;x;;;;
PROV3502;Qasamarka;;;;;;;;;;;;;;;;;;x;;;;
PROV3503;Wamachuku;;;;;;;;;;;;;;;;;;x;;;;
PROV3504;Cholon;;;;;;;;;;;;;;;;;;x;;;;
PROV3505;Wanuku;;;;;;;;;;;;;;;;;;x;;;;
PROV3506;Qasatampu;;;;;;;;;;;;;;;;;;x;;;; 
PROV3507;Chanchamayu;;;;;;;;;;;;;;;;;;x;;;;
PROV3508;Chinchayqucha;;;;;;;;;;;;;;;;;;x;;;;
PROV3509;Yawyu;;;;;;;;;;;;;;;;;;x;;;;
PROV3510;Yanesha;;;;;;;;;;;;;;;;;;x;;;;
PROV3511;Angara;;;;;;;;;;;;;;;;;;x;;;;
PROV3512;Wankawilka;;;;;;;;;;;;;;;;;;x;;;;  
PROV3513;Pariwanaqucha;;;;;;;;;;;;;;;;;;x;;;;
PROV3514;Antawaylla;;;;;;;;;;;;;;;;;;x;;;;
PROV3515;Chinchiru;;;;;;;;;;;;;;;;;;x;;;;
PROV3516;Paqaritampu;;;;;;;;;;;;;;;;;;x;;;;
PROV3517;Qusqu;;;;;;;;;;;;;;;;;;x;;;;
PROV3518;Pawqartampu;;;;;;;;;;;;;;;;;;x;;;;
PROV3519;Willkapampa;;;;;;;;;;;;;;;;;;x;;;;
PROV3520;Harakmpit;;;;;;;;;;;;;;;;;;x;;;;
PROV3521;Ch'unchu;;;;;;;;;;;;;;;;;;x;;;;
PROV3522;Challwanka;;;;;;;;;;;;;;;;;;x;;;;
PROV3523;Tsachila;;;;;;;;;;;;;;;;;;x;;;;
PROV3524;Kwayker;;;;;;;;;;;;;;;;;;x;;;;
PROV3525;Tumipampa;;;;;;;;;;;;;;;;;;x;;;;
PROV3526;Salasaca;;;;;;;;;;;;;;;;;;x;;;;
PROV3527;Otavalo;;;;;;;;;;;;;;;;;;x;;;;
PROV3528;Caranqui;;;;;;;;;;;;;;;;;;x;;;;
PROV3529;Napuruna;;;;;;;;;;;;;;;;;;x;;;;
PROV3530;Tukumi;;;;;;;;;;;;;;;;;;x;;;;
PROV3531;Cihuatlan;;;;;;;;;;;;;;;;;;x;;;;
PROV3532;Yohualtepec;;;;;;;;;;;;;;;;;;x;;;;
PROV3533;Tlapan;;;;;;;;;;;;;;;;;;x;;;;
PROV3534;Huaxtepec;;;;;;;;;;;;;;;;;;x;;;;
PROV3535;Tepeyacac;;;;;;;;;;;;;;;;;;x;;;;
PROV3536;Coyolapan;;;;;;;;;;;;;;;;;;x;;;;
PROV3537;Tochtepec;;;;;;;;;;;;;;;;;;x;;;;
PROV3538;Metztitlan;;;;;;;;;;;;;;;;;;x;;;;
PROV3539;Tancitaro;;;;;;;;;;;;;;;;;;x;;;;
PROV3540;Puruaran;;;;;;;;;;;;;;;;;;x;;;;
PROV3541;Patzcuaro;;;;;;;;;;;;;;;;;;x;;;;
PROV3542;Tzuntzuntzan;;;;;;;;;;;;;;;;;;x;;;;
PROV3543;Zapotlan;;;;;;;;;;;;;;;;;;x;;;;
PROV3544;Teulinchan;;;;;;;;;;;;;;;;;;x;;;;
PROV3545;Tlacuitlapan;;;;;;;;;;;;;;;;;;x;;;;
PROV3546;Calkini;;;;;;;;;;;;;;;;;;x;;;;
PROV3547;Mani;;;;;;;;;;;;;;;;;;x;;;;
PROV3548;Saki;;;;;;;;;;;;;;;;;;x;;;;
PROV3549;Ekab;;;;;;;;;;;;;;;;;;x;;;;
PROV3550;Champutun;;;;;;;;;;;;;;;;;;x;;;;
PROV3551;Chontal;;;;;;;;;;;;;;;;;;x;;;;
PROV3552;Zaculeu;;;;;;;;;;;;;;;;;;x;;;;
PROV3553;Huitiupan;;;;;;;;;;;;;;;;;;x;;;;
PROV3554;Q'umarkaj;;;;;;;;;;;;;;;;;;x;;;;
PROV3555;Jilotepeque;;;;;;;;;;;;;;;;;;x;;;;
PROV3556;Chorotega;;;;;;;;;;;;;;;;;;x;;;;
PROV3557;Putun Chan;;;;;;;;;;;;;;;;;;x;;;;
PROV3558;Kan Pech;;;;;;;;;;;;;;;;;;x;;;;
PROV3559;Cempoalatl;;;;;;;;;;;;;;;;;;x;;;;
PROV3560;Coatzacoalcos;;;;;;;;;;;;;;;;;;x;;;;
PROV3561;Ohlone;;;;;;;;;;;;;;;;;;x;;;;
PROV3562;Miwok;;;;;;;;;;;;;;;;;;x;;;;
PROV3563;Kawaiisu;;;;;;;;;;;;;;;;;;x;;;;
PROV3564;Yoruk;;;;;;;;;;;;;;;;;;x;;;;
PROV2306;Hisnasir;;;;;;;;;;;;;;;;;;x;;;;
PROV2339;Ypane;;;;;;;;;;;;;;;;;;x;;;;
PROV2340;Ñeembucu;;;;;;;;;;;;;;;;;;x;;;;
PROV2340;Mbaracayu;;;;;;;;;;;;;;;;;;x;;;;
PROV2344;Mina' al-Mahdi;;;;;;;;;;;;;;;;;;x;;;;
PROV2345;Wadi al-Mut;;;;;;;;;;;;;;;;;;x;;;;
PROV2346;al-Badr;;;;;;;;;;;;;;;;;;x;;;;
PROV2347;Kasbah Isma'il;;;;;;;;;;;;;;;;;;x;;;;
PROV2348;'Asif;;;;;;;;;;;;;;;;;;x;;;;
PROV2356;Itati;;;;;;;;;;;;;;;;;;x;;;;
PROV2357;Guayquiraro;;;;;;;;;;;;;;;;;;x;;;;
PROV2358;Ituzaingo;;;;;;;;;;;;;;;;;;x;;;;  
PROV2360;Nahr al-Bariyi;;;;;;;;;;;;;;;;;;x;;;;
PROV2424;Madina al-Tirif;;;;;;;;;;;;;;;;;;x;;;;
PROV2426;Abu Khalid;;;;;;;;;;;;;;;;;;x;;;;
PROV2428;Barakhiwa;;;;;;;;;;;;;;;;;;x;;;;
PROV2429;Siyara;;;;;;;;;;;;;;;;;;x;;;;
PROV2431;Kanquwatam;;;;;;;;;;;;;;;;;;x;;;;
PROV2432;Barawuqa;;;;;;;;;;;;;;;;;;x;;;;
PROV2434;Sirijib;;;;;;;;;;;;;;;;;;x;;;;
PROV2435;Araqayu;;;;;;;;;;;;;;;;;;x;;;;
PROV2436;Madkhal al-Balad;;;;;;;;;;;;;;;;;;x;;;;
PROV2439;al-Akhshab;;;;;;;;;;;;;;;;;;x;;;;
PROV2440;Hisn 'Ashir;;;;;;;;;;;;;;;;;;x;;;;
PROV2441;Balad Idris;;;;;;;;;;;;;;;;;;x;;;;
PROV2442;al-Malaki;;;;;;;;;;;;;;;;;;x;;;;
PROV2443;al-Muntasir;;;;;;;;;;;;;;;;;;x;;;;
PROV2446;'Ard al-Buri;;;;;;;;;;;;;;;;;;x;;;;
PROV2447;Qarib;;;;;;;;;;;;;;;;;;x;;;;
PROV2448;Wadi Muhal;;;;;;;;;;;;;;;;;;x;;;;
PROV2449;Madina al-Bilal;;;;;;;;;;;;;;;;;;x;;;;
PROV2450;al-Qadhr;;;;;;;;;;;;;;;;;;x;;;;
PROV2451;Mina' al-Tamuyu;;;;;;;;;;;;;;;;;;x;;;;
PROV2452;Madina;;;;;;;;;;;;;;;;;;x;;;;
PROV2455;Tufiniq;;;;;;;;;;;;;;;;;;x;;;;
PROV2457;Ibn Dawud;;;;;;;;;;;;;;;;;;x;;;;
PROV2459;Jabal al- Kayinqa;;;;;;;;;;;;;;;;;;x;;;;
PROV2460;Qala'at;;;;;;;;;;;;;;;;;;x;;;;
PROV2461;al-Jamal;;;;;;;;;;;;;;;;;;x;;;;
PROV2462;Ghaba al-Tub;;;;;;;;;;;;;;;;;;x;;;;
PROV2463;al-Nawayil;;;;;;;;;;;;;;;;;;x;;;;
PROV2464;Mintiqa Kariji;;;;;;;;;;;;;;;;;;x;;;;  
PROV2466;Ijuhy;;;;;;;;;;;;;;;;;;x;;;; 
PROV2467;Yapeyu;;;;;;;;;;;;;;;;;;x;;;;  
PROV2554;Ibirapuitã;;;;;;;;;;;;;;;;;;x;;;; 
PROV3473;Qaryat Muqfira;;;;;;;;;;;;;;;;;;x;;;;
PROV2341;Itapua;;;;;;;;;;;;;;;;;;x;;;;
PROV2342;Itacurubi;;;;;;;;;;;;;;;;;;x;;;;
PROV858;Lozengrad;;;;;;;;;;;;;;;;;;x;;;; 
PROV828;Odrin;;;;;;;;;;;;;;;;;;x;;;;
PROV830;Trajnopol;;;;;;;;;;;;;;;;;;x;;;;
PROV859;Gallipoli;;;;;;;;;;;;;;;;;;x;;;;
PROV860;Tsarigrad;;;;;;;;;;;;;;;;;;x;;;;
PROV829;Sketsha;;;;;;;;;;;;;;;;;;x;;;;
PROV821;Voden;;;;;;;;;;;;;;;;;;x;;;;
PROV820;Grebena;;;;;;;;;;;;;;;;;;x;;;;
PROV831;Larisa;;;;;;;;;;;;;;;;;;x;;;;
PROV819;Lerin;;;;;;;;;;;;;;;;;;x;;;;
PROV805;Solun;;;;;;;;;;;;;;;;;;x;;;;
PROV3611;Damghan;;;;;;;;;;;;;;;;;;x;;;; 
PROV3612;Turkmensahra;;;;;;;;;;;;;;;;;;x;;;;
PROV3613;Quchan;;;;;;;;;;;;;;;;;;x;;;;
PROV3614;Lebap;;;;;;;;;;;;;;;;;;x;;;;
PROV3615;Namagan;;;;;;;;;;;;;;;;;;x;;;;
PROV3616;Andijon;;;;;;;;;;;;;;;;;;x;;;;
PROV3617;Hissor;;;;;;;;;;;;;;;;;;x;;;;
PROV3618;Ayni;;;;;;;;;;;;;;;;;;x;;;;
PROV3619;Gharm;;;;;;;;;;;;;;;;;;x;;;;
PROV3620;Uroteppa;;;;;;;;;;;;;;;;;;x;;;;
PROV3621;Murghab;;;;;;;;;;;;;;;;;;x;;;;
PROV3622;Sarikol;;;;;;;;;;;;;;;;;;x;;;; 
PROV3623;Gilgit;;;;;;;;;;;;;;;;;;x;;;;
PROV3624;Nuristan;;;;;;;;;;;;;;;;;;x;;;;
PROV3625;Wakhan;;;;;;;;;;;;;;;;;;x;;;;
PROV3626;Kharan;;;;;;;;;;;;;;;;;;x;;;;
PROV3627;Chishti;;;;;;;;;;;;;;;;;;x;;;;
PROV3628;Ghuryan;;;;;;;;;;;;;;;;;;x;;;;
PROV3629;Solimaniyeh;;;;;;;;;;;;;;;;;;x;;;;
PROV3630;Arbil;;;;;;;;;;;;;;;;;;x;;;;
PROV3631;al-Fallujah;;;;;;;;;;;;;;;;;;x;;;;
PROV3632;Sahra' al-Jazira;;;;;;;;;;;;;;;;;;x;;;;
PROV3633;al-Kut;;;;;;;;;;;;;;;;;;x;;;;
PROV3634;Shushtar;;;;;;;;;;;;;;;;;;x;;;;
PROV3635;Darab;;;;;;;;;;;;;;;;;;x;;;; 
PROV3636;Dashtestan;;;;;;;;;;;;;;;;;;x;;;;
PROV3637;Minab;;;;;;;;;;;;;;;;;;x;;;;
PROV3638;Firuzkuh;;;;;;;;;;;;;;;;;;x;;;;
PROV3639;Rudbar;;;;;;;;;;;;;;;;;;x;;;;
PROV3640;Ardakan;;;;;;;;;;;;;;;;;;x;;;;
PROV3641;Bastam;;;;;;;;;;;;;;;;;;x;;;;
PROV3642;Nishapur;;;;;;;;;;;;;;;;;;x;;;;
PROV3643;Zaveh;;;;;;;;;;;;;;;;;;x;;;;
PROV3644;Qalat-e Nadiri;;;;;;;;;;;;;;;;;;x;;;;
PROV3645;Kashmar;;;;;;;;;;;;;;;;;;x;;;;
PROV3646;Mahshahr;;;;;;;;;;;;;;;;;;x;;;;
PROV3647;Kaitag;;;;;;;;;;;;;;;;;;x;;;;
PROV1142;Hormuz;;;;;;;;;;;;;;;;;;x;;;;
PROV3651;Maku;;;;;;;;;;;;;;;;;;x;;;;
PROV3652;Salamis;;;;;;;;;;;;;;;;;;x;;;;
PROV3653;Piranshahr;;;;;;;;;;;;;;;;;;x;;;;
PROV1115;Amol;;;;;;;;;;;;;;;;;;x;;;;
PROV1116;Astarabad;;;;;;;;;;;;;;;;;;x;;;;
PROV3612;Turkmensahra;;;;;;;;;;;;;;;;;;x;;;;
PROV1127;Esfahan;;;;;;;;;;;;;;;;;;x;;;;
PROV3646;Mahshahr;;;;;;;;;;;;;;;;;;x;;;;
PROV1141;Bandar-e Lengeh;;;;;;;;;;;;;;;;;;x;;;;
PROV1138;Bandar-e Kangan;;;;;;;;;;;;;;;;;;x;;;;
PROV3648;Eghil;;;;;;;;;;;;;;;;;;x;;;;
PROV3649;Bingöl;;;;;;;;;;;;;;;;;;x;;;;
PROV3650;Shirvan;;;;;;;;;;;;;;;;;;x;;;;
PROV3655;Icel;;;;;;;;;;;;;;;;;;x;;;;
PROV3654;Malazgirt;;;;;;;;;;;;;;;;;;x;;;;
PROV3656;Beyshehir;;;;;;;;;;;;;;;;;;x;;;;
PROV3657;Kirshehir;;;;;;;;;;;;;;;;;;x;;;;
PROV3658;Karaman;;;;;;;;;;;;;;;;;;x;;;;
PROV3659;Gümüshhane;;;;;;;;;;;;;;;;;;x;;;;
PROV3660;Tokat;;;;;;;;;;;;;;;;;;x;;;;
PROV3661;Tuz Qala;;;;;;;;;;;;;;;;;;x;;;;
PROV3662;Manghistau;;;;;;;;;;;;;;;;;;x;;;;
PROV3663;Taras;;;;;;;;;;;;;;;;;;x;;;;
PROV3664;Kyzyzlsu;;;;;;;;;;;;;;;;;;x;;;;
PROV3665;Aqsu;;;;;;;;;;;;;;;;;;x;;;;
PROV3666;Bekbolat;;;;;;;;;;;;;;;;;;x;;;;
PROV3667;Dehloran;;;;;;;;;;;;;;;;;;x;;;;
PROV3668;Abadzekh;;;;;;;;;;;;;;;;;;x;;;;
PROV3669;Besleney;;;;;;;;;;;;;;;;;;x;;;;
PROV3670;Mesdega;;;;;;;;;;;;;;;;;;x;;;;
PROV3671;Kemguy;;;;;;;;;;;;;;;;;;x;;;;
PROV3672;Balzimachi;;;;;;;;;;;;;;;;;;x;;;;
PROV3673;Kuma;;;;;;;;;;;;;;;;;;x;;;;
PROV3674;Yoshkar-Ola;;;;;;;;;;;;;;;;;;x;;;;
PROV948;Drutsk;;;;;;;;;;;;;;;;;;x;;;;
central_asia;Central Asia;;;;;;;;;;;;;;;;;;x;;;;
north_asia;North Asia;;;;;;;;;;;;;;;;;;x;;;;
north_america;Pleiona;;;;;;;;;;;;;;;;;;x;;;;
south_america;Abralmuhit;;;;;;;;;;;;;;;;;;x;;;;
herat;Dry Grassland Hills;;;;;;;;;;;;;;;;;;x;;;;
al_bihlal;Coastal Forest;;;;;;;;;;;;;;;;;;x;;;;
merv;Oasis;;;;;;;;;;;;;;;;;;x;;;;
derbent;Grassland Hills;;;;;;;;;;;;;;;;;;x;;;;
kabul;Dry Grassland Hills;;;;;;;;;;;;;;;;;;x;;;;
kandahar;Grassland;;;;;;;;;;;;;;;;;;x;;;;
mashhad;Dry Grassland Hills;;;;;;;;;;;;;;;;;;x;;;;
shiraz;Dry Mountains;;;;;;;;;;;;;;;;;;x;;;;
tehran;Dry Grassland Hills;;;;;;;;;;;;;;;;;;x;;;;
isfahan;Dry Mountains;;;;;;;;;;;;;;;;;;x;;;;
tabriz;Mountainous Grassland;;;;;;;;;;;;;;;;;;x;;;;
ani;ountainous Grassland;;;;;;;;;;;;;;;;;;x;;;;
oasis;Oasis;;;;;;;;;;;;;;;;;;x;;;;
coastal_forest;Coastal Forest;;;;;;;;;;;;;;;;;;x;;;;
dry_forest;Dry Forest;;;;;;;;;;;;;;;;;;x;;;;
high_plateau;High Plateau;;;;;;;;;;;;;;;;;;x;;;;
new_world_montane_tundra;Alpine Tundra;;;;;;;;;;;;;;;;;;x;;;;
dry_mountains;Dry Mountains;;;;;;;;;;;;;;;;;;x;;;;
semi_desert_mountains;Semidesert Mountains;;;;;;;;;;;;;;;;;;x;;;;