EVTNAME666000;The Confederation;;;;;;;;;;;;;x,,,,,,,,,,,,,,,,,,,,,,
EVTDESC666000;Nations which are part of the German Confederation are only influenced by the parliament in Aachen. (Gameplaynote: This event exists to ensure german minors dont get sphered by other GPs);;;;;;;;;;;;;x,,,,,,,,,,,,,,,,,,,,,,
EVTNAME666001;The Fall of Bern;;;;;;;;;;;;;x,,,,,,,,,,,,,,,,,,,,,,
EVTDESC666001;With the recent capture of Bern King Wilhelm of Swabia not only challenged the saxon emporer, but also the Pan-German Parliament. The King of Burgundy demands an intervention and most members of the Parliament seem to agree. The public is outraged and the decision will have consequences either way.;;;;;;;;;;;;;x,,,,,,,,,,,,,,,,,,,,,,
EVTOPTA666001;The results are clear, the Parliament stands with Burgundy!;;;;;;;;;;;;;x,,,,,,,,,,,,,,,,,,,,,,
EVTNAME666001;The results are clear, the Parliament rejects the burgundian demand!;;;;;;;;;;;;;x,,,,,,,,,,,,,,,,,,,,,,
EVTNAME666005;The Parliament rejects an intervention;;;;;;;;;;;;;x,,,,,,,,,,,,,,,,,,,,,,
EVTDESC666005;The Confederation proved to not be able to protect it's members. We dont want to part of this failing state.;;;;;;;;;;;;;x,,,,,,,,,,,,,,,,,,,,,,
EVTOPTA666005;Burgundy stands on it's own!;;;;;;;;;;;;;x,,,,,,,,,,,,,,,,,,,,,,
EVTNAME666002;The Parliament demands an intervention;;;;;;;;;;;;;x,,,,,,,,,,,,,,,,,,,,,,
EVTDESC666002;After a heated discussion the Parliament decided to agree to the burgundian pled and now demands that the Emperor intervenes on behalf of Burgundy. ;;;;;;;;;;;;;x,,,,,,,,,,,,,,,,,,,,,,
EVTOPTA666002;We stand with the will of the people and the burgundian king!;;;;;;;;;;;;;x,,,,,,,,,,,,,,,,,,,,,,
EVTOPTB666002;This is outrageous, we will not attack our brother nation!;;;;;;;;;;;;;x,,,,,,,,,,,,,,,,,,,,,,
EVTNAME666003;The Emperor stands with us!;;;;;;;;;;;;;x,,,,,,,,,,,,,,,,,,,,,,
EVTDESC666003;After successfully gaining support from the Parliament the Emperor decided to condem the swabian aggression, demanding the preservation of the status quo.;;;;;;;;;;;;;x,,,,,,,,,,,,,,,,,,,,,,
EVTOPTA666003;Our faith in the confederation is restored!;;;;;;;;;;;;;x,,,,,,,,,,,,,,,,,,,,,,
EVTNAME666004;The Emperor threatens to intervene!;;;;;;;;;;;;;x,,,,,,,,,,,,,,,,,,,,,,
EVTDESC666004;After the burgundian king successfully gaining support from the Parliament the Emperor decided to condem the our "aggression", demanding the preservation of the status quo. ;;;;;;;;;;;;;x,,,,,,,,,,,,,,,,,,,,,,
EVTOPTA666004;We have dont have a choice, this is a lost cause.;;;;;;;;;;;;;x,,,,,,,,,,,,,,,,,,,,,,
EVTOPTB666004;Pah! Our war is righteous! We are prepared, not even the so called "Emperor" will change the ties - onwards to Lyon!;;;;;;;;;;;;;x,,,,,,,,,,,,,,,,,,,,,,
EVTNAME666420;Tribal Raid;;;;;;;;;;;;;x,,,,,,,,,,,,,,,,,,,,,,
EVTDESC666420;The tribes are once again gathering to plunder neighbouring provinces.;;;;;;;;;;;;;x,,,,,,,,,,,,,,,,,
EVT666420OPTA;Give them permission.;;;;;;;;;;;;;x,,,,,,,,,,,,,,,,,,,,,,
EVT666420OPTB;The timing isn't right.;;;;;;;;;;;;;x,,,,,,,,,,,,,,,,,,,,,,
EVTNAME666421;Raiding results;;;;;;;;;;;;;x,,,,,,,,,,,,,,,,,
EVTDESC666421;Our men were successfull!;;;;;;;;;;;;;x,,,,,,,,,,,,,,,,,
EVT666421OPTA;This will help us to feed the troops.;;;;;;;;;;;;;x,,,,,,,,,,,,,,,,,,,,,,
EVTNAME666432;Kazan has fallen!;;;;;;;;;;;;;x,,,,,,,,,,,,,,,,,,,,,,
EVTDESC666432;Following the Muscovite Revolution the newly formed Triumvirate proclaimed that the Tatar threat will come to an end. Any Tatar aggression would be answered by swift revenge. Our old and fateful ally, the Kazan Khanate now was the first to experience this. Not only was the Khan and it's entire family killed after the capture of the capital, but also were thousends of Muslims massacred. We need to act quick, this new shift in the balance of power could be devastating for us.;;;;;;;;;;;;;x,,,,,,,,,,,,,,,,,
EVT666432OPTA;Send messengers to the Khans! We need to stand together in times like this!;;;;;;;;;;;;;x,,,,,,,,,,,,,,,,,,,,,,
EVT666432OPTB;There is no need to act, they are just Russians.;;;;;;;;;;;;;x,,,,,,,,,,,,,,,,,,,,,,
EVTNAME666433;Crimea wants to reconsile!;;;;;;;;;;;;;x,,,,,,,,,,,,,,,,,,,,,,
EVTDESC666433;The Khan of Crimea requests that we should recreate the great Altin Ordu, as it would be the only way to stop russian imperialism.;;;;;;;;;;;;;x,,,,,,,,,,,,,,,,,
EVT666433OPTA;We will accept the crimean request! The Russians will pay for what they did!;;;;;;;;;;;;;x,,,,,,,,,,,,,,,,,,,,,,
EVT666433OPTB;Reconsile with Crimea? We are better of alone.;;;;;;;;;;;;;x,,,,,,,,,,,,,,,,,,,,,,
EVTNAME666437;Astrakhan rejects!;;;;;;;;;;;;;x,,,,,,,,,,,,,,,,,,,,,,
EVTDESC666437;The Khan of Astrakhan has rejected our humble offer.;;;;;;;;;;;;;x,,,,,,,,,,,,,,,,,
EVT666437OPTA;We will unite the Khanates by all means.;;;;;;;;;;;;;x,,,,,,,,,,,,,,,,,,,,,,
EVT666437OPTB;The Khan of Astrakhan is fool!;;;;;;;;;;;;;x,,,,,,,,,,,,,,,,,,,,,,
EVTNAME666436;Astrakhan accepts!;;;;;;;;;;;;;x,,,,,,,,,,,,,,,,,,,,,,
EVTDESC666436;The Khan of Astrakhan has accepted our proposal!;;;;;;;;;;;;;x,,,,,,,,,,,,,,,,,
EVT666436OPTA;May our united banners strike fear into the Russians once again!;;;;;;;;;;;;;x,,,,,,,,,,,,,,,,,,,,,,
EVTNAME666439;Nogay rejects!;;;;;;;;;;;;;x,,,,,,,,,,,,,,,,,,,,,,
EVTDESC666439;The Khan of Nogay has rejected our humble offer.;;;;;;;;;;;;;x,,,,,,,,,,,,,,,,,
EVT666439OPTA;We will unite the Khanates by all means.;;;;;;;;;;;;;x,,,,,,,,,,,,,,,,,,,,,,
EVT666439OPTB;The Khan of Nogay is fool!;;;;;;;;;;;;;x,,,,,,,,,,,,,,,,,,,,,,
EVTNAME666438;Nogay accepts!;;;;;;;;;;;;;x,,,,,,,,,,,,,,,,,,,,,,
EVTDESC666438;The Khan of Nogay has accepted our proposal!;;;;;;;;;;;;;x,,,,,,,,,,,,,,,,,
EVT666438OPTA;May our united banners strike fear into the Russians once again!;;;;;;;;;;;;;x,,,,,,,,,,,,,,,,,,,,,,
EVTNAME666441;Qashliq rejects!;;;;;;;;;;;;;x,,,,,,,,,,,,,,,,,,,,,,
EVTDESC666441;The Khan of Qashliq has rejected our humble offer.;;;;;;;;;;;;;x,,,,,,,,,,,,,,,,,
EVT666441OPTA;We will unite the Khanates by all means.;;;;;;;;;;;;;x,,,,,,,,,,,,,,,,,,,,,,
EVT666441OPTB;The Khan of Qashliq is fool!;;;;;;;;;;;;;x,,,,,,,,,,,,,,,,,,,,,,
EVTNAME666440;Qashliq accepts!;;;;;;;;;;;;;x,,,,,,,,,,,,,,,,,,,,,,
EVTDESC666440;The Khan of Qashliq has accepted our proposal!;;;;;;;;;;;;;x,,,,,,,,,,,,,,,,,
EVT666440OPTA;May our united banners strike fear into the Russians once again!;;;;;;;;;;;;;x,,,,,,,,,,,,,,,,,,,,,,
EVTNAME676420;The Triumvirate;;;;;;;;;;;;;x,,,,,,,,,,,,,,,,,,,,,,
EVTDESC676420;Following years of opperession, hunger and suffering the people of Moscow stormed the Kremlin and captured the Grand Duke. Today three men were elected to lead our nation into a glorious future: The young, but exceptional general Feodor Skobelev, the charismatic Ivan Konstantinov, a diplomat through and through and the adament republican Lev Kuropatkin.;;;;;;;;;;;;;x,,,,,,,,,,,,,,,,,
EVT676420OPTA;A new age for our nation!;;;;;;;;;;;;;x,,,,,,,,,,,,,,,,,,,,,,
EVTNAME676420;End the Tatar Joke!;;;;;;;;;;;;;x,,,,,,,,,,,,,,,,,,,,,,
EVTDESC676420;For centuries the Tatars have raped and pillaged our lands, it is time to bring an end to their aggression. Our leaders have decided to act now and General Skobelev offered to lead the troops personally.;;;;;;;;;;;;;x,,,,,,,,,,,,,,,,,
EVT676420OPTA;Onwards to Kazan!;;;;;;;;;;;;;x,,,,,,,,,,,,,,,,,,,,,,
EVTNAME666434;Crimea wants to reconsile!;;;;;;;;;;;;;x,,,,,,,,,,,,,,,,,,,,,,
EVTNAME666435;Crimea wants to reconsile!;;;;;;;;;;;;;x,,,,,,,,,,,,,,,,,,,,,,
EVTNAME676422;Skobelev is successfull!;;;;;;;;;;;;;x,,,,,,,,,,,,,,,,,,,,,,
EVTDESC676422;The kazani threat is finally over, but the government is shocked by Skobelevs brutality and increasing ambition. As the capital Kazan surrenderd he order his men to massacre the cities muslim population and publicly executed the Khan and his family, due to his actions thousands of Kazanis have left the country seeking refugee in Anatolia and Iran. At the same time Skobelev gained the trust of the other military leaders and the former Russian Slaves of Kazan. He even refuses to return to the capital and reports have reached us that he portaits himself as a new monarchy, betraying our revolution. It seems that a coup, or even another civil war will be inevitable.;;;;;;;;;;;;;x,,,,,,,,,,,,,,,,,
EVT676422OPTA;These are truly terrifying news.;;;;;;;;;;;;;x,,,,,,,,,,,,,,,,,,,,,,
EVTNAME9902;Kazani Refugees!;;;;;;;;;;;;;x,,,,,,,,,,,,,,,,,,,,,,
EVTDESC9902;Following the musovite conquest of Kazan thousands of Kazani Shiites have fled the country, now seeking refugee in Iran.;;;;;;;;;;;;;x,,,,,,,,,,,,,,,,,
EVT9902OPTA;By Allah, grant them refuge!;;;;;;;;;;;;;x,,,,,,,,,,,,,,,,,,,,,,
EVTNAME9903;Kazani Refugees!;;;;;;;;;;;;;x,,,,,,,,,,,,,,,,,,,,,,
EVTDESC9903;Following the musovite conquest of Kazan thousands of Kazani Shiites have fled the country, now seeking refugee in our nation.;;;;;;;;;;;;;x,,,,,,,,,,,,,,,,,
EVT9903OPTA;By Allah, grant them refuge!;;;;;;;;;;;;;x,,,,,,,,,,,,,,,,,,,,,,
EVTNAME666442;Ufa asks for protection!;;;;;;;;;;;;;x,,,,,,,,,,,,,,,,,,,,,,
EVTDESC666442;In the wake of Skobelevs Rebellion an alliance of Bashkirs and Kazanis have declared their independance. As the rulers of the steppe it is our duty to help our brethern!;;;;;;;;;;;;;x,,,,,,,,,,,,,,,,,
EVT666442OPTA;We will defend Ufa!;;;;;;;;;;;;;x,,,,,,,,,,,,,,,,,,,,,,
EVT666442OPTB;The timing isn't right.;;;;;;;;;;;;;x,,,,,,,,,,,,,,,,,,,,,,
EVTNAME666443;Avenge Kazan!;;;;;;;;;;;;;x,,,,,,,,,,,,,,,,,,,,,,
EVTDESC666443;It is time to liberate our Tatar brothers!;;;;;;;;;;;;;x,,,,,,,,,,,,,,,,,
EVT666443OPTA;Onwards to Muscovy!;;;;;;;;;;;;;x,,,,,,,,,,,,,,,,,,,,,,
EVTNAME666446;The Chinese Respond!;;;;;;;;;;;;;x,,,,,,,,,,,,,,,,,,,,,,
EVTDESC666446;Our diplomats returned with a solid result. The chinese have accepted to concede major parts of Manchuria. Additionally an alliance and a trading agreement were agreed upon.;;;;;;;;;;;;;x,,,,,,,,,,,,,,,,,
EVT666446OPTA;These are good news, we accept the treaty!;;;;;;;;;;;;;x,,,,,,,,,,,,,,,,,,,,,,
EVT666446OPTB;This offer is insulting. We demand the entirety of the Amur River Basin, even if that means war!;;;;;;;;;;;;;x,,,,,,,,,,,,,,,,,,,,,,
EVTNAME9904;The Kazakh Exodus;;;;;;;;;;;;;x,,,,,,,,,,,,,,,,,,,,,,
EVTDESC9904;The revolting Kazakhs have been defeated and we finally reasserted our control in the Zheytsu region, but following our conquest the Kazakhs left their homes en masse. Their rulers declared a new Khanate in the western kazakh steppe!;;;;;;;;;;;;;x,,,,,,,,,,,,,,,,,
EVT9904OPTA;Outrageous!;;;;;;;;;;;;;x,,,,,,,,,,,,,,,,,,,,,,
EVTNAME666445;Our alliance is broken;;;;;;;;;;;;;x,,,,,,,,,,,,,,,,,,,,,,
EVTDESC666445;We lost. Our attempt to liberate Kazan ended in a disaster. Not only were our armies crushed, but now the Khans are rejecting our leading role. The future of the Steppe now lies in the hands of the Russians; The age of the Steppelords is over;;;;;;;;;;;;;x,,,,,,,,,,,,,,,,,
EVT666445OPTA;There is nothing we can do ...;;;;;;;;;;;;;x,,,,,,,,,,,,,,,,,,,,,,
EVTNAME666444;The Chinese Respond!;;;;;;;;;;;;;x,,,,,,,,,,,,,,,,,,,,,,
EVTDESC666444;Our diplomats returned with a exellent result. The chinese have accepted to concede large parts of Manchuria and much of the Amur Basin. Our new border shall run along the north of the Argun, up to the Nen and all the way down to Korea. Some exeptions were made for the cities of Qiqihar and Jilin, which shall remain within the Shun Empire. Additionally an alliance and a trading agreement were agreed upon.;;;;;;;;;;;;;x,,,,,,,,,,,,,,,,,
EVT666444OPTA;These are great news, we accept this generous treaty!;;;;;;;;;;;;;x,,,,,,,,,,,,,,,,,,,,,,
EVT666444OPTB;This offer is insulting. We demand the entirety of the Amur River Basin, even if that means war!;;;;;;;;;;;;;x,,,,,,,,,,,,,,,,,,,,,,
EVTNAME666447;The Chinese Respond!;;;;;;;;;;;;;x,,,,,,,,,,,,,,,,,,,,,,
EVTDESC666447;Our diplomats returned with a nothing but failure. The chinese only accepted to concede minor parts of Manchuria along the Amur River. Even trade agreements were declined!;;;;;;;;;;;;;x,,,,,,,,,,,,,,,,,
EVT666447OPTA;These are bad news, but if this prevents war we'll concede.;;;;;;;;;;;;;x,,,,,,,,,,,,,,,,,,,,,,
EVT666447OPTB;This offer is more than insulting. We demand the entirety of the Amur River Basin and reperations for such an outrageous act!;;;;;;;;;;;;;x,,,,,,,,,,,,,,,,,,,,,,
EVTNAME666448;The Khanate is crushed;;;;;;;;;;;;;x,,,,,,,,,,,,,,,,,,,,,,
EVTDESC666448;The Russians defeated our armies and reduced our Khanate to a mere rump state. Now even the Yedisan tribes reject the Khans rule and our control over the Circassians has vanished.;;;;;;;;;;;;;x,,,,,,,,,,,,,,,,,
EVT666448OPTA;We are now at the grace of the Russians...;;;;;;;;;;;;;x,,,,,,,,,,,,,,,,,,,,,,
EVTNAME676421;Sweden seizes control in Novgorod!;;;;;;;;;;;;;x,,,,,,,,,,,,,,,,,,,,,,
EVTDESC676421;The Swedes have taken more direct control in Novgorod. Our population is outraged and even our closest generals and advisors suggest an intervention.;;;;;;;;;;;;;x,,,,,,,,,,,,,,,,,
EVT676421OPTA;We'll put the Swedes in their place!;;;;;;;;;;;;;x,,,,,,,,,,,,,,,,,,,,,,
EVT676421OPTB;This is not the right time.;;;;;;;;;;;;;x,,,,,,,,,,,,,,,,,,,,,,
EVTNAME676423;Skobelev's Ultimatum;;;;;;;;;;;;;x,,,,,,,,,,,,,,,,,,,,,,
EVTDESC676423;General Skobelev has built a strong power base in Kazan and in most rural parts of Muscovy. He now demands our resignation and the establishment of a new Monarchy under his rule. While these demands are insulting and outraging, it seems like we dont have another choice if we want to avoid a civil war.;;;;;;;;;;;;;x,,,,,,,,,,,,,,,,,
EVT676423OPTA;The revolution has failed...;;;;;;;;;;;;;x,,,,,,,,,,,,,,,,,,,,,,
EVT676423OPTB;Liberty or Death!;;;;;;;;;;;;;x,,,,,,,,,,,,,,,,,,,,,,
EVTNAME676425;The march to Moscow!;;;;;;;;;;;;;x,,,,,,,,,,,,,,,,,,,,,,
EVTDESC676425;These fools have rejected our ultimatum. Now that Diplomacy has failed it's time for the Military to act!;;;;;;;;;;;;;x,,,,,,,,,,,,,,,,,
EVT676425OPTA;For Skobelev!;;;;;;;;;;;;;x,,,,,,,,,,,,,,,,,,,,,,
EVTNAME676426;Resist Russian Rule!;;;;;;;;;;;;;x,,,,,,,,,,,,,,,,,,,,,,
EVTDESC676426;The conquest of Kazan left the former areas of the Khanate in turmoil and devastation. We need to end forgein rule over our people!;;;;;;;;;;;;;x,,,,,,,,,,,,,,,,,
EVT676426OPTA;Death to the Russians!;;;;;;;;;;;;;x,,,,,,,,,,,,,,,,,,,,,,
EVTNAME676427;The Kipchaks defeated us...;;;;;;;;;;;;;x,,,,,,,,,,,,,,,,,,,,,,
EVTDESC676427;The Tatar Intervention in the civil war turned the tide in favour for the Kazanis.;;;;;;;;;;;;;x,,,,,,,,,,,,,,,,,
EVT676427OPTA;This is terrible;;;;;;;;;;;;;x,,,,,,,,,,,,,,,,,,,,,,
EVTNAME676428;The Kipchaks defeated us...;;;;;;;;;;;;;x,,,,,,,,,,,,,,,,,,,,,,
EVTDESC676428;The Tatar Intervention in the civil war turned the tide in favour for the Kazanis.;;;;;;;;;;;;;x,,,,,,,,,,,,,,,,,
EVT676428OPTA;This is terrible;;;;;;;;;;;;;x,,,,,,,,,,,,,,,,,,,,,,
EVTNAME676429;Skobelev has succeded!;;;;;;;;;;;;;x,,,,,,,,,,,,,,,,,,,,,,
EVTDESC676429;Our coup was successfull, but the country still remains torn between Republicans and Monarchists. Now it's time to rebuild and strengthen our nation.;;;;;;;;;;;;;x,,,,,,,,,,,,,,,,,
EVT676429OPTA;May he guide us into a new future!;;;;;;;;;;;;;x,,,,,,,,,,,,,,,,,,,,,,
EVTNAME676430;Skobelev's rebellion is crushed!;;;;;;;;;;;;;x,,,,,,,,,,,,,,,,,,,,,,
EVTDESC676430;We successfully managed to push back the Monarchists. The country, however, is still torn between Republicans and Monarchists, but with Skobelev gone it's time to rebuild and create a proper constitution!;;;;;;;;;;;;;x,,,,,,,,,,,,,,,,,
EVT676430OPTA;Great News!;;;;;;;;;;;;;x,,,,,,,,,,,,,,,,,,,,,,
EVTNAME676424;White Sea Canal;;;;;;;;;;;;;x,,,,,,,,,,,,,,,,,,,,,,
EVTDESC676424;The construction of this canal will support the econonmic growth of nearby regions!;;;;;;;;;;;;;x,,,,,,,,,,,,,,,,,
EVT676424OPTA;Splendid!;;;;;;;;;;;;;x,,,,,,,,,,,,,,,,,,,,,,
EVTNAME410000;The Algaravian Movement;;;;;;;;;;;;;x,,,,,,,,,,,,,,,,,,,,,,
EVTDESC410000;The days of Andalusian glory are now but a distant memory. The Algaravian people have been toiling under the Moroccan yoke for centuries, and although the Atlantic ports have grown wealthy, the countryside is destituite and Africans still monopolize the highest spheres of political, economic and social power. Although Morocco has prevented outright contest by the northern Christian nations, it is clear that the Sultanate has entered a steep decline and won't be able to protect us much longer. We, the Algaravians, must take destiny into our own hands if we are to survive.;;;;;;;;;;;;;x,,,,,,,,,,,,,,,,,
EVTOPTA410000;Al-Andalus shall one day be free.;;;;;;;;;;;;;x,,,,,,,,,,,,,,,,,,,,,,
EVTNAME410001;Trouble in Al-Andalus;;;;;;;;;;;;;x,,,,,,,,,,,,,,,,,,,,,,
EVTDESC410001;The Pashalik Al-Andalus has been a Moroccan dependency for close to five centuries, ever since the intervention of the Sultanate in Iberia stopped the reconquista cold in its tracks. Since then, Al-Andalus has been the economic motor of Morocco and the Algaravian ports have become essential links in trans-Oceanic trade. This wealth is proving, however, to be a poisoned chalice as the nascent burgeois Algaravian class starts to embrace the ideals of nationalism and political societies begin to form, lobbying for Andalusian independence.;;;;;;;;;;;;;x,,,,,,,,,,,,,,,,,
EVTOPTA410001;We can expect trouble in the coming years.;;;;;;;;;;;;;x,,,,,,,,,,,,,,,,,,,,,,
EVTNAME410002;The Algaravian Revolution;;;;;;;;;;;;;x,,,,,,,,,,,,,,,,,,,,,,
EVTDESC410002;The relation between Moroccans and Algaravians have grown increasingly strained in the past decades as the economic primacy shifted to the northern shores of the Mediterranean, yet political power remained in the limited circle of the Sultan's court. In a desperate attempt to revitalize the lethargic economy of the Moroccan coast, the government in Fez decreed a set of tariffs to be imposed on the more dynamic Algaravian ports. The decree was the spark needed to ignite the powder keg, and now the Pasha of Al-Andalus has declared independence and proclaimed the rebirth of the Emirate of Granada. The horrors of war will now be unleashed in the fair lands of Andalusia.;;;;;;;;;;;;;x,,,,,,,,,,,,,,,,,
EVTOPTA410002;The Algaravians will be crushed.;;;;;;;;;;;;;x,,,,,,,,,,,,,,,,,,,,,,
EVTOPTB410002;We will make peace with the Algaravians - they will have to fend for themselves from now on.;;;;;;;;;;;;;x,,,,,,,,,,,,,,,,,,,,,,
EVTNAME410003;Uprising in GhrÃ¡nata;;;;;;;;;;;;;x,,,,,,,,,,,,,,,,,,,,,,
EVTDESC410003;The Pasha of Al-Andalus has been secretly purchasing arms from the northern Christian powers for years, biding his time when an opening might appear to throw off the Moroccan yoke once and for all. With the recent decree from Fez imposing tariffs on Andalusia, completely unacceptable even to the most war-shy of the Algaravian oligarchy, such an opening appeared - and the Pasha, not being a man to let opportunity go, has now declared from the Alhambra the refounding of the Emirate of Granada. Moroccan property is being seized and armies are being marshalled as it becomes clear that Andalusian independence will have to be won on the field of battle.;;;;;;;;;;;;;x,,,,,,,,,,,,,,,,,
EVTOPTA410003;Al-Andalus for itself and for Humanity.;;;;;;;;;;;;;x,,,,,,,,,,,,,,,,,,,,,,
EVTNAME410004;The Emirate Reborn;;;;;;;;;;;;;x,,,,,,,,,,,,,,,,,,,,,,
EVTDESC410004;The armies of the Pasha of Al-Andalus have against all odds beaten the Moroccan attempts to stamp out the revolution. With a ruined treasury and brewing trouble in the Sahara, the Sultan of Morocco has accepted to sign a peace treaty recognising the full sovereignity of GharnÃ¡ta over the Andalusian lands.;;;;;;;;;;;;;x,,,,,,,,,,,,,,,,,
EVTOPTA410004;There is no victor but God.;;;;;;;;;;;;;x,,,,,,,,,,,,,,,,,,,,,,
EVTNAME410005;The Sultanate Triumphant;;;;;;;;;;;;;x,,,,,,,,,,,,,,,,,,,,,,
EVTDESC410005;The Revolution in the Pashalik of Al-Andalus has been utterly crushed, the Granadan armies routed and scattered to the countryside. Recognising that his bid for power had failed, the Pasha has surrendered in hopes of attaining some degree of amnesty for himself and the clique that supported him in the insurrection. The government in Fez will be implacable - Andalusia shall never rise again, and the old Pashalik system will be abolished in favour of direct rule.;;;;;;;;;;;;;x,,,,,,,,,,,,,,,,,
EVTOPTA410005;Let our enemies tremble.;;;;;;;;;;;;;x,,,,,,,,,,,,,,,,,,,,,,
EVTNAME410006;The Congress of $CAPITAL$;;;;;;;;;;;;;x,,,,,,,,,,,,,,,,,,,,,,
EVTDESC410006;The recent events in Andalusia have shown that our traditional enemies, the Algaravians and Moroccans, are weaker and most divided than ever. Opportunity is there to be seized, and the idea of a rebirth of the Reconquista spreads like wildfire through the political classes of the Christian states. A Congress is held in $CAPITAL$ to decide how to best act on the recent developments. A vocal but minoritary lobby argues for unification of the entire Iberian Peninsula under one single, powerful Christian state. Another faction refuses any sort of loss of sovereignity, and insists that Andalusia should be partitioned to avoid bloodshed between Christian brothers. A third group is formed by the military elites of the various states bordering the Algaravian muslims, who argue that only war can decide who deserves to take the spoils of the Moroccan decadence.;;;;;;;;;;;;;x,,,,,,,,,,,,,,,,,
EVTOPTA410006;Iberia will be united under a single government.;;;;;;;;;;;;;x,,,,,,,,,,,,,,,,,,,,,,
EVTOPTB410006;Andalusia will be partitioned to avoid intra-faith conflict.;;;;;;;;;;;;;x,,,,,,,,,,,,,,,,,,,,,,
EVTOPTC410006;The gun and the sword will decide, not a group of politicians talking around a table.;;;;;;;;;;;;;x,,,,,,,,,,,,,,,,,,,,,,
EVTOPTA178900;Make a speech among the crowd.;;;;;;;;;;;;;x,,,,,,,,,,,,,,,,,,,,,,
EVTOPTB178900;Make a speech from the University balcony.;;;;;;;;;;;;;x,,,,,,,,,,,,,,,,,,,,,,
EVTOPTC178900;Do not attend the ceremony.;;;;;;;;;;;;;x,,,,,,,,,,,,,,,,,,,,,,
EVTDESC9932;The Abbasids, who had been invited by the Mamluks after the fall of Baghdad orginally were only puppets of these mamlukian Sultans and mockingly got called "Shadow Caliphs" by other muslim rulers. However the situation has changed, especially within the last century, during the reign of Caliph Al-Hakim III., who managed to increase the political influence of the Abbasids within the Mamluk Sultanate. Now, even though the Mamluks still hold most of the power, the Abbasids are close to toppling their absolute rule;;;;;;;;;;;;;x,,,,,,,,,,,,,,,,,,,,,,
EVTDESC964562;The famous trader and explorer 'Muuzaji Mkubwa', who helped to cartograph many areas of Tanganyika and beyond recently managed to build and secure a domain of his own in the eastern Kongo. While initially his exipedition was aimed at securing our trading outposts he decided to further increase our influences in the region and established himself as an semi-independent ruler.;;;;;;;;;;;;;x,,,,,,,,,,,,,,,,,
EVTDESC964563;The creation of our Sultanate was mainly to protect swahili trading interests, but since the last year our within the Kongo has massivily increased and our dependence from the Coast has decreased. However, the Bemba from the south are a threat to our rule and clashes in the bordering regions have been frequent. The Sultan at the Coast has rejected our pleed to deal with them, acting against his wishes will most certainly trigger a much larger conflict with the coastal state and even our long time ally and friend Rumaliza doesn't support our plan.;;;;;;;;;;;;;x,,,,,,,,,,,,,,,,,
EVTDESC964565;Even though Muuzaji Mkubwa had the strict order not to act against the Bemba tribes, he now started a full campaign against them. We need to act quick to stop his aggression against our trading partners!;;;;;;;;;;;;;x,,,,,,,,,,,,,,,,,
EVTDESC964566;Rumaliza, once a close ally and personal friend to Muuzaji Mkubwa has left the Sultanate and is now heading west, after a heated disscusion about the Bemba War. He demanded that we shouldn't act against the coastal power!;;;;;;;;;;;;;x,,,,,,,,,,,,,,,,,
EVTDESC179200;Our time has come, no longer can we abide by the grievnaces of the Saxon king or any king for that matter! No longer will we suffer at the hands of a monarch who oppresses us and silences us we will shatter Saxony and free all of Germany and it's peoples no matter the cost!;;;;;;;;;;;;;x,,,,,,,,,,,,,,,,,
EVTDESC130801;Queen Dobrovka I has finally ascended to the throne,Despite her ancestor and namesake marriage to the first king of Poland starting the Bohemian-Polish alliance which would eventually unite the Poland under the Bohemian crown the Poles have never seen themselves as our subjects. Hopefully, Queen Dobrovka like her ancestor can bring unity between our two peoples.;;;;;;;;;;;;;x,,,,,,,,,,,,,,,,,
EVTNAME410007;Weapon shipment from $FROMCOUNTRY$;;;;;;;;;;;;;x,,,,,,,,,,,,,,,,,,,,,,
EVTDESC410007;Enterprising arms dealers from $FROMCOUNTRY$ have managed to smuggle shipments of muzzle-loading rifles into our lands, greatly increasing the chances of success in the struggle against the Marinid tyrants.;;;;;;;;;;;;;x,,,,,,,,,,,,,,,,,
EVTOPTA410007;We will put these rifles to good use.;;;;;;;;;;;;;x,,,,,,,,,,,,,,,,,,,,,,
EVTNAME410008;Weapon shipment from $FROMCOUNTRY$;;;;;;;;;;;;;x,,,,,,,,,,,,,,,,,,,,,,
EVTDESC410008;Enterprising arms dealers from $FROMCOUNTRY$ have managed to smuggle shipments of breech-loading rifles into our lands, greatly increasing the chances of success in the struggle against the Marinid tyrants.;;;;;;;;;;;;;x,,,,,,,,,,,,,,,,,
EVTOPTA410008;We will put these rifles to good use.;;;;;;;;;;;;;x,,,,,,,,,,,,,,,,,,,,,,
EVTNAME410009;Weapon shipment from $FROMCOUNTRY$;;;;;;;;;;;;;x,,,,,,,,,,,,,,,,,,,,,,
EVTDESC410009;Enterprising arms dealers from $FROMCOUNTRY$ have managed to smuggle shipments of muzzle-loading artillery pieces into our lands, greatly increasing the chances of success in the struggle against the Marinid tyrants.;;;;;;;;;;;;;x,,,,,,,,,,,,,,,,,
EVTOPTA410009;We will put these guns to good use.;;;;;;;;;;;;;x,,,,,,,,,,,,,,,,,,,,,,
EVTNAME410010;Weapon shipment from $FROMCOUNTRY$;;;;;;;;;;;;;x,,,,,,,,,,,,,,,,,,,,,,
EVTDESC410010;Enterprising arms dealers from $FROMCOUNTRY$ have managed to smuggle shipments of breech-loading artillery pieces into our lands, greatly increasing the chances of success in the struggle against the Marinid tyrants.;;;;;;;;;;;;;x,,,,,,,,,,,,,,,,,
EVTOPTA410010;We will put these guns to good use.;;;;;;;;;;;;;x,,,,,,,,,,,,,,,,,,,,,,
EVTDESC179200;Our time has come, no longer can we abide by the grievnaces of the Saxon king or any king for that matter! No longer will we suffer at the hands of a monarch who oppresses us and silences us we will shatter Saxony and free all of Germany and it's peoples no matter the cost!;;;;;;;;;;;;;x,,,,,,,,,,,,,,,,,
EVTDESC130801;Queen Dobrovka I has finally ascended to the throne,Despite her ancestor and namesake marriage to the first king of Poland starting the Bohemian-Polish alliance which would eventually unite the Poland under the Bohemian crown the Poles have never seen themselves as our subjects. Hopefully, Queen Dobrovka like her ancestor can bring unity between our two peoples.;;;;;;;;;;;;;x,,,,,,,,,,,,,,,,,
EVTDESC130801;Queen Dobrovka I has finally ascended to the throne,Despite her ancestor and namesake marriage to the first king of Poland starting the Bohemian-Polish alliance which would eventually unite the Poland under the Bohemian crown the Poles have never seen themselves as our subjects. Hopefully, Queen Dobrovka like her ancestor can bring unity between our two peoples.;;;;;;;;;;;;;x,,,,,,,,,,,,,,,,,
EVTDESC181600;Much like in the days of the old we face a threat to the very independence of italy from verious angles. Only uniting the fractured italian duchys and republics and ensure our survival and perhaps lead us to a new unified Italian State?;x
EVTNAME181601;$FROMCOUNTRY$ joins the Lombard League!;x
EVTDESC181601;$FROMCOUNTRY$ has joined the Lombard League and promised to defend italy from foreign invaders.;x
EVTDESC181602;We have claimed the Crown of Piemont, but many people still view as as illegitimate. Perhaps appealing to the pope will give us the legitimacy we despretly need?;x
EVTDESC181603;We have claimed the title of duke of Tuscany, but many people still view as as illegitimate. Perhaps appealing to the pope will give us the legitimacy we despretly need?;x
EVTNAME181604;An Aspiring Monarch;x
EVTDESC181604;$FROMCOUNTRY$ has approached us about the possibility of legitimizing their recent conquests and granting approval from the papacy, so as to not couse any distress to their neighbours.;x
EVTNAME181605;Coronation Ceremony!;x
EVTDESC181605;We've been granted to crown we despretly needed in a elaborate ceremony organized by the pope!;x
EVTNAME691000;The State of the Empire;x
EVTDESC691000;The old Incan state was the the unchallenged superpower of the South American Continent, however with the arrival of the foreigners things changed drastically. Even though earlier contacts were limited to trade and were mostly friendly in nature, the latter arrival of the French in the Northern Andes, followed by their rapid conquest of the Muisca resulted in a direct challenge towards the Incan Authority. This tensions would soon lead to border conflicts and escaltion into the First French-Incan War, which ended in a catastrophic and humiliating defeat for our Empire. However, leasons were learned from this war and a series of reforms were implemented. Furthermore the need to open to country to foreigners came appearent, leading to the establishment of multiple treaties between the Incan State and the Anglo-Norse - archenemy of the French. These reforms resulted in the transformation of the Incan Navy and soon lead to Incan emissaries to China, India and Europe. However, before the Era of Reform could have been completed, French troops invaded the lands of Kitu and with the inability to halt the invading forces, most of the Incan army was shattered and had to flee into the lands of Tumipampa -  ending the 2nd French-Incan War, this time ending in the lose of core territory. Despite this the people, loyal to the Sapa Inka kept fighting a brutal guerilla war, ultimativly resulting in the French Genocide of Kitu in 1833, transforming a once populous and prosperous region into a wasteland. The current emporer Waskar, humiliated and full of spite is eager for revenge and a second wave of reforms has started and intellectuals, aswell as highly decorated army comanders from China and the North Sea Empire were hired to help to reform the broken administration and army.;x
EVTDESC9900;The Timurid Empire, a state which has been declining for centuries has once again risen from their ashes, with the ascension of Kamran Mirza Shir to the throne in 1767. Already noticed as a smart and witty boy in his childhood, he had proven himself following the Timurid-Sayyid War in 1772, eventually leading to the sack, plunder and massacre of Delhi and the incorpartion of Kashmir and Punjab. While to the north the Argyns were defeated and pacified in the Battle of Turkestan in 1776 and in the west the Shiite Beghdilid dynasty was also finally subdued in 1784 and for the first time in centuries the empire once again reached to banks of the Upper Euphrates, while the Beghdilids themselves were reduced to a tributary. Besides his military genius, Shah Kamran Mirza Shir managed to reform large areas of the state and army. Nonetheless, he never was able to establish clear succession rules and with him now beeing an old and senile man, his inability to choose a successor and the increasing power of local rulers and tribes the Timurid Empire is seeming to head once again into chaos.;x
EVTNAME9900;An Empire in Trouble;;;;;;;;;;;;;x,,,,,,,,,,,,,,,,,,,,,,
EVT9900OPTA;What will the future bring?;;;;;;;;;;;;;x,,,,,,,,,,,,,,,,,,,,,,
EVTNAME9901;The Death of Kamran Shah;;;;;;;;;;;;;x,,,,,,,,,,,,,,,,,,,,,,
EVTDESC9901;Today the great Kamran Shah passed away in his sleep, without appointing a successor. His oldest son, Amir Qoli Khan, residing in Herat has managed to sway the royal court and officials in Herat and has proclaimed himself to be the new Shah of Iran and Turan. As the news of the death of Kamran Shah are spreading throughout the Empire, his other sons, the governours of Ajam - Abu Sa'id Mirza, Iraq - Soltan Ahmad ed-Din, Azerbaijan - Firuz Mirza and Mawarannahr - Salim Babur, respectivly, have proclaimed themselves as rightful successors. It seems that the Timurid Empire is disintegrating into chaos once again, maybe for good this time...;;;;;;;;;;;;;x,,,,,,,,,,,,,,,,,,,,,,
EVT9901OPTA;Amir Qoli Khan is the rightful heir! §R(Continue as Khorasan)§W;;;;;;;;;;;;;x,,,,,,,,,,,,,,,,,,,,,,
EVT9901OPTB;Salim Babur is the rightful heir! §R(Continue as Mawarannahr)§W;;;;;;;;;;;;;x,,,,,,,,,,,,,,,,,,,,,,
EVT9901OPTC;Firuz Mirza is the rightful heir! §R(Continue as Azerbaijan)§W;;;;;;;;;;;;;x,,,,,,,,,,,,,,,,,,,,,,
EVT9901OPTD;Soltan Ahmad ed-Din is the rightful heir! §R(Continue as Iraq)§W;;;;;;;;;;;;;x,,,,,,,,,,,,,,,,,,,,,,
EVTNAME9905;The Timurid Succession Crisis;;;;;;;;;;;;;x,,,,,,,,,,,,,,,,,,,,,,
EVTDESC9905;The sons of Kamran Shah have gone to war with eachother and the Timurid Empire seems to be disintegrating. All the various autonomous Principalities, Chiefdoms, Bekdoms, Emirates have picked a side or managed to break away from the Timurid authority amidst the ensuing chaos. Meanwhile Farhad Khan Zohrabi managed to sway the tribes of Hormuzgan and Laristan and managed to establish a close alliance with Abu Sa'id Mirza.;;;;;;;;;;;;;x,,,,,,,,,,,,,,,,,,,,,,
EVT9905OPTA;We will prevail!;;;;;;;;;;;;;x,,,,,,,,,,,,,,,,,,,,,,
EVTNAME9907;Picking a side;x
EVTDESC9907;As the Empire is errupting into chaos we should choose a side in this conflict;x
EVT9907OPTA;Accept the rule of Khorasan;;;;;;;;;;;;;x,,,,,,,,,,,,,,,,,,,,,,
EVT9907OPTB;Accept the rule of Transoxiana;;;;;;;;;;;;;x,,,,,,,,,,,,,,,,,,,,,,
EVT9907OPTC;Accept the rule of Fars;;;;;;;;;;;;;x,,,,,,,,,,,,,,,,,,,,,,
EVT9907OPTD;Accept the rule of Iraq;;;;;;;;;;;;;x,,,,,,,,,,,,,,,,,,,,,,
EVT9907OPTE;Accept the rule of Azerbaijan;;;;;;;;;;;;;x,,,,,,,,,,,,,,,,,,,,,,
EVT9907OPTF;Use the power vacuum to establish an independent state;;;;;;;;;;;;;x,,,,,,,,,,,,,,,,,,,,,,
EVTNAME9908;Picking a side;x
EVTDESC9908;As the Empire is errupting into chaos we should choose a side in this conflict;x
EVT9908OPTA;Accept the rule of Khorasan;;;;;;;;;;;;;x,,,,,,,,,,,,,,,,,,,,,,
EVT9908OPTB;Accept the rule of Transoxiana;;;;;;;;;;;;;x,,,,,,,,,,,,,,,,,,,,,,
EVT9908OPTC;Accept the rule of Fars;;;;;;;;;;;;;x,,,,,,,,,,,,,,,,,,,,,,
EVT9908OPTD;Accept the rule of Iraq;;;;;;;;;;;;;x,,,,,,,,,,,,,,,,,,,,,,
EVT9908OPTE;Accept the rule of Azerbaijan;;;;;;;;;;;;;x,,,,,,,,,,,,,,,,,,,,,,
EVT9908OPTF;Use the power vacuum to establish an independent state;;;;;;;;;;;;;x,,,,,,,,,,,,,,,,,,,,,,
EVTNAME9909;Independence!;x
EVTDESC9909;As the Empire is errupting into chaos we have gained indepence!;x
EVT9909OPTA;Great;;;;;;;;;;;;;x,,,,,,,,,,,,,,,,,,,,,,
EVTNAME9910;Picking a side;x
EVTDESC9910;As the Empire is errupting into chaos we should choose a side in this conflict;x
EVT9910OPTA;Accept the rule of Khorasan;;;;;;;;;;;;;x,,,,,,,,,,,,,,,,,,,,,,
EVT9910OPTB;Accept the rule of Transoxiana;;;;;;;;;;;;;x,,,,,,,,,,,,,,,,,,,,,,
EVT9910OPTC;Accept the rule of Fars;;;;;;;;;;;;;x,,,,,,,,,,,,,,,,,,,,,,
EVT9910OPTD;Accept the rule of Iraq;;;;;;;;;;;;;x,,,,,,,,,,,,,,,,,,,,,,
EVT9910OPTE;Accept the rule of Azerbaijan;;;;;;;;;;;;;x,,,,,,,,,,,,,,,,,,,,,,
EVT9910OPTF;Use the power vacuum to establish an independent state;;;;;;;;;;;;;x,,,,,,,,,,,,,,,,,,,,,,
EVTNAME9911;The Fall of Kerman;x
EVTDESC9911;The troops of Farhad Khan have managed to gain control over most of the region of Kerman and tribal alligances within the region are shifting. The governour of Kerman was ousted and the Khans of the Baharlu and Afsharids of Kerman, the Arabs of Sirjan and Balochis of the south have sworn their alliagance to him.;x
EVT9911OPTA;Unaccaptable!;;;;;;;;;;;;;x,,,,,,,,,,,,,,,,,,,,,,
EVTNAME9912;The Revolt of Rustam Gavruni;x
EVTDESC9912;Rustam, born into a family of Bazaaris has managed to gather support in the local Zoroastrian community of Yazd. In the wake of the Timurid civil war, the lost of Kerman and a general discontent lead to the support of many peoples within the secluded region of Yazd. Not only has he gained the support of the Gavrunis, but also the desertdwelling Rajis, Sunni, aswell as Shia Persians have flocked to his banner.;x
EVT9912OPTA;Bring me his head!;;;;;;;;;;;;;x,,,,,,,,,,,,,,,,,,,,,,
EVT9912OPTB;Iran will return to it's antique greatness under Zoroastrian rule, lead the uprising! §R(Continue as the Rustamids)§W;;;;;;;;;;;;;x,,,,,,,,,,,,,,,,,,,,,,
EVTNAME9913;The Tawaniyya Order has taken control in Hazaristan!;x
EVTDESC9913;The Tawaniyya, a Sufi order preaching a radical form of Islam, have been discrimnated and suppresed since the rule of Fathullah Shah in the mid 18th century. Still, they managed to build a powerbase within the remote and mountainous regions of Hazaristan.;x
EVT9913OPTA;Put this down!;;;;;;;;;;;;;x,,,,,,,,,,,,,,,,,,,,,,
EVT9913OPTB;The Time of Martyrdom has come, say the Takbir! §R(Continue as the Tawaniyya)§W;;;;;;;;;;;;;x,,,,,,,,,,,,,,,,,,,,,,
EVTNAME9914;The Zoraki Pashtuns have stormed Kabul!;x
EVTDESC9914;The Zorakis, a minor tribe of the greater Karlani confederation, has managed to storm the great city of Kabul, gem of the Hindukush. News of their success have spread quick and many of the Pashtun tribes have joined their rebellion!;x
EVT9914OPTA;Is Eastern Khorasan lost?;;;;;;;;;;;;;x,,,,,,,,,,,,,,,,,,,,,,
EVT9914OPTB;Down with the Timurids! §R(Continue as the Zorakis)§W;;;;;;;;;;;;;x,,,,,,,,,,,,,,,,,,,,,,
EVTNAME9915;Turkistan in Rebellion!;x
EVTDESC9915;As the collapse of our authority becomes more and more appereant, the govenours of Balkh and Khiva, once staunch supporters to our claim to the throne have now turned against us!;x
EVT9915OPTA;Bring me their heads!;;;;;;;;;;;;;x,,,,,,,,,,,,,,,,,,,,,,
EVT9915OPTB;Onwards to Balkh! §R(Continue as Balkh)§W;;;;;;;;;;;;;x,,,,,,,,,,,,,,,,,,,,,,
EVT9915OPTc;Onwards to Khiva! §R(Continue as Khiva)§W;;;;;;;;;;;;;x,,,,,,,,,,,,,,,,,,,,,,
EVTNAME9916;The Invasion of the Yomuds!;x
EVTDESC9916;The Yomuds had been a de jure vassal of ours for decades, however hour actual control over them was always very nominal. With the erruption of the Succession War they used the chance to completely break away from our authority and managed to rally multiple other Turkmen tribes around them - most notably the Teke Turkmens of the Kapet Dagh. Together they managed to storm our fort in Akhal and launched an attack on the oasis of Merv, only to be repelled by the Afsharid governours;x
EVT9916OPTA;Crush these petty tribes!;;;;;;;;;;;;;x,,,,,,,,,,,,,,,,,,,,,,
EVTNAME9917;Unrest in the Streets of Herat;x
EVTDESC9917;The Succesion War has driven Iranian society into total anarchy. The country is ravaged by war and thousands of people have fleed their homes. However Herat, up until now never was under a real threat, but presure on the city started to increase with the Yomud Invasion. Since than the multiple Khans, Amirs and Chieftains of Khorasan had to really on themselves and their tribes to protect themselves against the Zohrabi attacks, Yomud slave raids, Tawaniyya extremists and constant other outside threats. Furthermore the increasing amount of refugees out and inside the city brought terrible stories with them, all the while the students of the Herat university have built an underground network, with the goal of establishing a western-styled, liberal democracy.;x
EVT9917OPTA;The situation is dire...;;;;;;;;;;;;;x,,,,,,,,,,,,,,,,,,,,,,
EVTNAME9919;The Fall of Herat;x
EVTDESC9919;As control over Khorasan deminished and unrest in the capital rapidly increased, the uninventable happened. Today an union of students, professors and others - inspired by the events of the German Revolutions in the 20s - stormed the Citadel of Herat and killed Amir Qoli Khan in the process, proclaiming the independent government of Herat.;x
EVT9919OPTA;Long live the republic!;;;;;;;;;;;;;x,,,,,,,,,,,,,,,,,,,,,,
EVT9919OPTB;Onwards to Nishapur;;;;;;;;;;;;;x,,,,,,,,,,,,,,,,,,,,,,
EVT9919OPTC;Onwards to Qumis;;;;;;;;;;;;;x,,,,,,,,,,,,,,,,,,,,,,
EVT9919OPTD;Onwards to Merv;;;;;;;;;;;;;x,,,,,,,,,,,,,,,,,,,,,,
EVT9919OPTE;Picking another state?;;;;;;;;;;;;;x,,,,,,,,,,,,,,,,,,,,,,
EVTNAME9924;Mishmast, Khozeimeh, Mogholistan, Jalayerids or Qara'i;x
EVTDESC9924;Picking other Khorasan states.;x
EVT9924OPTA;Onwards to Mishmast;;;;;;;;;;;;;x,,,,,,,,,,,,,,,,,,,,,,
EVT9924OPTB;Onwards to the Khozeimeh;;;;;;;;;;;;;x,,,,,,,,,,,,,,,,,,,,,,
EVT9924OPTC;Onwards to Mogholistan;;;;;;;;;;;;;x,,,,,,,,,,,,,,,,,,,,,,
EVT9924OPTD;Onwards to the Jalayerids;;;;;;;;;;;;;x,,,,,,,,,,,,,,,,,,,,,,
EVT9924OPTE;Onwards to the Qara'i;;;;;;;;;;;;;x,,,,,,,,,,,,,,,,,,,,,,
EVTDESC606001;Lozania has always been a brutish, violent place. It was first established in the 16th century by Saxon conquerors who subjugated and enslaved much of the native population. The soldiers were followed soon after by convicts, sent to serve out their sentences on the far side of the world. The Saxons established great plantation farms called "Landjots," and put natives and convicts alike to forced work. Lorded over by the "Landhär," the landed aristocracy and ruling class of the colony, the landjots replicated the social relations of European serfdom in the new world. In time a multiethnic class of "Kneiht" developed, peons bonded to the landjots where they were born and forced to till the soil their whole lives. Since the early days of Lozania the kneiht have formed the overwhelming majority of the population, living in constant fear of the violence and oppression of the landhär.;x
EVTDESC606002;When the German Revolution engulfed Europe, Saxony's prized Lozanian colonies were left adrift. With the Saxon Kingdom tied up in its fight with the revolutionaries and their opportunistic Nordic allies, the Lozanians were cut from contact with Europe and forced to fend for itself against no less than three Vinlandic invasions. The landhär had no other choice but to adopt greater self-government in order to defend themselves, at least until contact could be reestablished with Saxony. Across Lozania, councils of landhär took power and organised to fight off the Northmen. Meanwhile the mass of Lozanian kneiht had begun to stir, inspired by events in Europe. Long oppressed by the landhär, the kneiht demanded an end to their bondage and land of their own to farm. A handful of forward thinking landhär, led by the charismatic Edwin Hoeber, promised them freedom in exchange for service in his army.;x
EVTDESC606003;His ranks swelled by tens of thousands of kneiht, Edwin Hoeber led the colonies to a series of smashing victories against Vinland. When the revolution ended, Hoeber and his allies expected to be richly rewarded by the Saxon crown, but instead found that the triumphant reactionary government in Dortmund was calling for their heads. The Saxon revanchists were not happy with Lozanian concessions to the kneiht, or with colonial autonomy. War soon followed, waged between patriotic forces led by Hoeber and Saxon loyalists backed by the father country. In 1821, Saxony was forced to formally recognise the independence of the Republic of Lozania. Since that day the progressive landhär have followed through with many of their promises, abolishing peonage in law and parcelling out the properties of traitor landhär. Yet today much remains unchanged in Lozania. Peonage still exists in practice in large parts of the country, and politics is still dominated by the landhär.;x
EVTDESC606004;Now that the territories of the Tuscarora and Nanticoke tribes are in our hands, the question has arisen of what to do with the natives themselves. While their former lands are occupied by our military, the tribespeople are still living there. Many conservative landhär and even some progressive landhär have come out in support of a proposal to forcibly evict the Tuscarora and Nanitoke, marching them west at gunpoint to live in the territory of the Lenape. Many believe that either of the newly acquired territories would be a perfect site for a new, geographically neutral Lozanian capital city, an idea that has been much discussed since independence. Opponents of the proposal, mostly amongst the most progressive of the landhär, argue that Tuscarora and Nanticoke will suffer greatly on the march west, and their expulsion into Lenape land will needlessly antagonise the western tribes.;x
EVTDESC606005;The tribes of the west have not taken kindly to the cession of Tuscarora and Nanticoke lands. The tribal chiefs view Lozania's betrayal of its native allies as a sign that any deal signed with the landhÃ¤r is not worth the paper it was written on, and the belief that Lozania has ambitions of western conquest and colonisation is now widespread. Already border skirmishes between Lenape natives and HonsrÃ¶ggen settlers have already begun to take place along the length of the western frontier. A Shawnee chief by the name of Naythawaynah has begun to exploit the furore, travelling from settlement to settlement trying to enlist the disparate tribes in a confederacy to resist the Lozanians. So far he has had only limited success, but with growing anger at our actions it may only be a matter of time before Naythawaynah gets what he wants. War may very well prove inevitable.;x