AFG_1215;Sistan;;;;;;;;;;;;;x
AFG_3288;Hazarestan;;;;;;;;;;;;;x
AFG_1212;Khorasan-e Sharqi;;;;;;;;;;;;;x
AFG_1217;Kabulestan;;;;;;;;;;;;;x
KHI_1207;Tadjikestan;;;;;;;;;;;;;x
KHI_1202;Ferghana;;;;;;;;;;;;;x
KHI_1191;Khwarazm;;;;;;;;;;;;;x
PER_1145;Baluchestan-e Gharbi;;;;;;;;;;;;;x
KAL_1221;Baluchestan-e Sharqi;;;;;;;;;;;;;x
PER_1136;Bushehr;;;;;;;;;;;;;x
PER_1139;Yazd;;;;;;;;;;;;;x
KHI_1594;Tajikestan;;;;;;;;;;;;;x
RUS_1205;Ust Urt;;;;;;;;;;;;;x
PER_1117;Kordestan va Lorestan;;;;;;;;;;;;;x
KHI_1198;Bukhara;;;;;;;;;;;;;x
SWI_606;Mittelland;;;;;;;;;;;;;x
SWI_603;Churrätien-Zürichgau;;;;;;;;;;;;;x
SWI_607;Transjurana;;;;;;;;;;;;;x
BAV_613;Ostmark;;;;;;;;;;;;;x
AUS_612;Tirol;;;;;;;;;;;;;x
LUX_397;Lützelburg;;;;;;;;;;;;;x
BEL_387;Brabant;;;;;;;;;;;;;x
FRA_400;Flandre;;;;;;;;;;;;;x
NET_382;Geldern;;;;;;;;;;;;;x
PRU_580;Westfalen;;;;;;;;;;;;;x
HAN_540;Bremen-Oldenburg;;;;;;;;;;;;;x
PRU_554;Westthüringen;;;;;;;;;;;;;x
THU_556;Ostthüringen;;;;;;;;;;;;;x
SAX_558;Lužica;;;;;;;;;;;;;x
BOH_684;Horní Slezsko;;;;;;;;;;;;;x
PRU_682;Dolní Slezsko;;;;;;;;;;;;;x
BOH_631;Morava;;;;;;;;;;;;;x
AUS_625;Cechy;;;;;;;;;;;;;x
TIM_3320;Lezgistan;;;;;;;;;;;;;;;;;;x;;;;
TUR_885;Samtskhe;;;;;;;;;;;;;;;;;;x;;;;
RUS_1102;Qarabagh;;;;;;;;;;;;;;;;;;x;;;;
RUS_719;Padljišša;;;;;;;;;;;;;;;;;;x;;;;
RUS_360;Dzukija;;;;;;;;;;;;;;;;;;x;;;;
RUS_937;Beras'cie;;;;;;;;;;;;;;;;;;x;;;;
RUS_361;Samogatia;;;;;;;;;;;;;;;;;;x;;;;
AUS_702;Krakov;;;;;;;;;;;;;;;;;;x;;;;
RUS_715;Cervená Rus;;;;;;;;;;;;;;;;;;x;;;;
AUS_662;Halychyna;;;;;;;;;;;;;;;;;;x;;;;
AUS_619;Északi Kunsag;;;;;;;;;;;;;;;;;;x;;;;
AUS_623;Déli Kunsag;;;;;;;;;;;;;;;;;;x;;;;
PER_1121;'Eraq-e Ajami-ye Shomali;;;;;;;;;;;;;;;;;;x;;;;
EGY_907;North Arabian Desert;;;;;;;;;;;;;;;;;;x;;;;
RUS_1204;Biaban-e Qareh Qum;;;;;;;;;;;;;;;;;;x;;;;
PER_1113;Gilan;;;;;;;;;;;;;;;;;;x;;;;
PER_1112;Azarbaijan-e Shomali;;;;;;;;;;;;;;;;;;x;;;;
PER_1148;Kohestan;;;;;;;;;;;;;;;;;;x;;;;
PER_1147;Khorasan-e Gharbi;;;;;;;;;;;;;;;;;;x;;;;
PER_1135;Fars;;;;;;;;;;;;;;;;;;x;;;;
PER_1140;Kerman;;;;;;;;;;;;;;;;;;x;;;;
PER_1126;Semnan va Golestan;;;;;;;;;;;;;;;;;;x;;;;
PER_1142;Hormuzgan;;;;;;;;;;;;;;;;;;x;;;;
AUS_3301;Jászság;;;;;;;;;;;;;;;;;;x;;;;
CRO_784;Krajina;;;;;;;;;;;;;;;;;;x;;;;
TUR_889;Rum;;;;;;;;;;;;;;;;;;x;;;;
TUR_3339;Kuzey Kapadokya;;;;;;;;;;;;;;;;;;x;;;;
TUR_878;Güney Kapadokya;;;;;;;;;;;;;;;;;;x;;;;
RUS_1052;Avarestan;;;;;;;;;;;;;;;;;;x;;;;
TIM_1055;Qafqaz-e Shomali;;;;;;;;;;;;;;;;;;x;;;;
URF_920;Raqqeh;;;;;;;;;;;;;;;;;;x;;;;
RUS_1092;Imereti;;;;;;;;;;;;;;;;;;x;;;;
RUS_1090;Gorjestan;;;;;;;;;;;;;;;;;;x;;;;
RUS_1048;Qoban;;;;;;;;;;;;;;;;;;x;;;;
RUS_1070;Uriankhai;;;;;;;;;;;;;;;;;;x;;;;
RUS_1060;Eastern Tatary;;;;;;;;;;;;;;;;;;x;;;;
RUS_978;Upper Don;;;;;;;;;;;;;;;;;;x;;;;
RUS_1019;Voronezh;;;;;;;;;;;;;;;;;;x;;;;
RUS_962;Eastern Ukraine;;;;;;;;;;;;;;;;;;x;;;;
RUS_963;Poltava;;;;;;;;;;;;;;;;;;x;;;;
RUS_1012;Ryazan;;;;;;;;;;;;;;;;;;x;;;;
RUS_1016;Bryansk;;;;;;;;;;;;;;;;;;x;;;;
RUS_1010;Kaluga;;;;;;;;;;;;;;;;;;x;;;;
RUS_1025;Qasim;;;;;;;;;;;;;;;;;;x;;;;
RUS_1063;Selkupia;;;;;;;;;;;;;;;;;;x;;;;
RUS_1469;Shoria;;;;;;;;;;;;;;;;;;x;;;;
RUS_1064;Qashliq;;;;;;;;;;;;;;;;;;x;;;;
CHI_1597;Yarkand;;;;;;;;;;;;;;;;;;x;;;;
CHI_3622;Kashgar;;;;;;;;;;;;;;;;;;x;;;;
CHI_3312;Qarashehr;;;;;;;;;;;;;;;;;;x;;;;
CHI_3474;Niya;;;;;;;;;;;;;;;;;;x;;;;
CHI_1600;Turfan;;;;;;;;;;;;;;;;;;x;;;;
CHI_4009;Dzungaria;;;;;;;;;;;;;;;;;;x;;;;
CHI_1595;Ilisu;;;;;;;;;;;;;;;;;;x;;;;
RUS_954;Southern Ukraine;;;;;;;;;;;;;;;;;;x;;;;
RUS_958;Western Ukraine;;;;;;;;;;;;;;;;;;x;;;;
RUS_974;Kyzyl-Yar;;;;;;;;;;;;;;;;;;x;;;;
RUS_955;Sakhagan;;;;;;;;;;;;;;;;;;x;;;;
RUS_968;Yedisan;;;;;;;;;;;;;;;;;;x;;;;
RUS_3350;Circassia;;;;;;;;;;;;;;;;;;x;;;;
KOK_1190;Zhetysu;;;;;;;;;;;;;;;;;;x;;;;
PRU_695;Prusija;;;;;;;;;;;;;;;;;;x;;;;
PRU_690;Pomorí;;;;;;;;;;;;;;;;;;x;;;;
PRU_701;Poznan;;;;;;;;;;;;;;;;;;x;;;;
PRU_549;Branagrad;;;;;;;;;;;;;;;;;;x;;;; 
PRU_546;Pomorany;;;;;;;;;;;;;;;;;;x;;;;
PRU_544;Veligrad;;;;;;;;;;;;;;;;;;x;;;;
CHI_1600;Inner Dzungaria;;;;;;;;;;;;;;;;;;x;;;;
ETH_1865;Ogaden;;;;;;;;;;;;;;;;;;x;;;;
ETH_1853;Afar;;;;;;;;;;;;;;;;;;x;;;;
ETH_1862;Kaffa;;;;;;;;;;;;;;;;;;x;;;;
ETH_1848;Tigray;;;;;;;;;;;;;;;;;;x;;;;
KOK_1190;Outer Dzungaria;;;;;;;;;;;;;;;;;;x;;;;
ENG_2067;Malawi;;;;;;;;;;;;;;;;;;x;;;;
ENG_2039;Outer Tanganyika;;;;;;;;;;;;;;;;;;x;;;;
ENG_2044;Inner Tanganyika;;;;;;;;;;;;;;;;;;x;;;;
ENG_2019;Iteso;;;;;;;;;;;;;;;;;;x;;;;
BEL_2034;Chwezi;;;;;;;;;;;;;;;;;;x;;;;
ENG_2024;Kilimanjaro;;;;;;;;;;;;;;;;;;x;;;;
ENG_2036;Northern Swahili Coast;;;;;;;;;;;;;;;;;;x;;;;
POR_2053;Southern Swahili Coast;;;;;;;;;;;;;;;;;;x;;;;
POR_2060;Yao-Makua;;;;;;;;;;;;;;;;;;x;;;;
ENG_2026;Garissa;;;;;;;;;;;;;;;;;;x;;;;
ABU_1162;Al-Khalij;;;;;;;;;;;;;;;;;;x;;;;
NEJ_2586;Rub Al-Khali;;;;;;;;;;;;;;;;;;x;;;;
NEJ_1156;Ha'il;;;;;;;;;;;;;;;;;;x;;;;
TRI_2585;Western Libyian Desert;;;;;;;;;;;;;;;;;;x;;;;
ENG_1825;Djurab Desert;;;;;;;;;;;;;;;;;;x;;;;
ENG_2078;Northern Kalahari;;;;;;;;;;;;;;;;;;x;;;;
ENG_2092;Southern Kalahari;;;;;;;;;;;;;;;;;;x;;;;
NGN_2075;Matabeleland;;;;;;;;;;;;;;;;;;x;;;;
ENG_2014;Lozi;;;;;;;;;;;;;;;;;;x;;;;
ENG_2016;Bemba;;;;;;;;;;;;;;;;;;x;;;;
ENG_2068;Rozwi;;;;;;;;;;;;;;;;;;x;;;;
POR_2003;Ovimundu-Mbunda;;;;;;;;;;;;;;;;;;x;;;;
POR_2006;Chokwe-Matamba;;;;;;;;;;;;;;;;;;x;;;;
POR_1999;Zaire;;;;;;;;;;;;;;;;;;x;;;;
BEL_1987;Lunda-Kazembe;;;;;;;;;;;;;;;;;;x;;;;
FRA_1978;Loango;;;;;;;;;;;;;;;;;;x;;;;
BEL_1992;Kongo-Ubangi;;;;;;;;;;;;;;;;;;x;;;;
BEL_1996;Kongo-Aruwimi;;;;;;;;;;;;;;;;;;x;;;;
FRA_1970;Bang Assu;;;;;;;;;;;;;;;;;;x;;;;
FRA_1972;Fang;;;;;;;;;;;;;;;;;;x;;;;
ENG_1956;Grassfields;;;;;;;;;;;;;;;;;;x;;;;
SOK_1945;Eastern Hausaland;;;;;;;;;;;;;;;;;;x;;;;
SOK_1952;Bornu;;;;;;;;;;;;;;;;;;x;;;;
SOK_1937;Wukari;;;;;;;;;;;;;;;;;;x;;;;
SOK_1964;Baguirmi;;;;;;;;;;;;;;;;;;x;;;;
FRA_1927;Western Hausaland;;;;;;;;;;;;;;;;;;x;;;;
BSS_1938;Bida-Bussa;;;;;;;;;;;;;;;;;;x;;;;
SGH_1809;Dendi;;;;;;;;;;;;;;;;;;x;;;;
FRA_1808;Zinder;;;;;;;;;;;;;;;;;;x;;;;
FRA_1918;Gurma-Dagbon;;;;;;;;;;;;;;;;;;x;;;;
FRA_1914;Ewe-Dahomey;;;;;;;;;;;;;;;;;;x;;;;
FRA_1907;Akan;;;;;;;;;;;;;;;;;;x;;;;
MOR_1802;Timbuktu;;;;;;;;;;;;;;;;;;x;;;;
FRA_1803;al-Hodh;;;;;;;;;;;;;;;;;;x;;;;
FRA_1798;Segu;;;;;;;;;;;;;;;;;;x;;;;
MOR_1696;Western Mauretania;;;;;;;;;;;;;;;;;;x;;;;
MOR_1777;Eastern Mauretania;;;;;;;;;;;;;;;;;;x;;;;
FRA_1783;Wolof;;;;;;;;;;;;;;;;;;x;;;;
TOO_1791;Wad al-Mal;;;;;;;;;;;;;;;;;;x;;;;
FRA_1878;Kaabu;;;;;;;;;;;;;;;;;;x;;;;
FRA_1801;Sokkmasor;;;;;;;;;;;;;;;;;;x;;;;
FRA_1881;Wassulu;;;;;;;;;;;;;;;;;;x;;;;
FRA_1883;Futa Jallon;;;;;;;;;;;;;;;;;;x;;;;
FRA_1892;Wattara;;;;;;;;;;;;;;;;;;x;;;;
ALD_3409;Twat-Bechar;;;;;;;;;;;;;;;;;;x;;;;
ALD_1711;M'zab;;;;;;;;;;;;;;;;;;x;;;;
GWR_1939;Gwari-Igala;;;;;;;;;;;;;;;;;;x;;;;
TRI_2585;Libyian Desert;;;;;;;;;;;;;;;;;;x;;;;
TRI_1744;Fezzan;;;;;;;;;;;;;;;;;;x;;;;
FRA_1901;Mossi;;;;;;;;;;;;;;;;;;x;;;;
INC_2308;Atacama;;;;;;;;;;;;;;;;;;x;;;;
INC_2578;Nazca;;;;;;;;;;;;;;;;;;x;;;;
INC_2295;Pachakamaq;;;;;;;;;;;;;;;;;;x;;;;
CHM_3498;Chimor;;;;;;;;;;;;;;;;;;x;;;;
CHM_2292;Tallan-Tumpis;;;;;;;;;;;;;;;;;;x;;;;
INC_3525;Tumipampa;;;;;;;;;;;;;;;;;;x;;;;
INC_2279;Kitu;;;;;;;;;;;;;;;;;;x;;;;
INC_2294;Muyupampa;;;;;;;;;;;;;;;;;;x;;;;
INC_3500;Qasamarka;;;;;;;;;;;;;;;;;;x;;;;
INC_3504;Cholon;;;;;;;;;;;;;;;;;;x;;;;
INC_3505;Wanuku;;;;;;;;;;;;;;;;;;x;;;;
INC_3512;Wankawillka;;;;;;;;;;;;;;;;;;x;;;;
INC_3517;Qusqu;;;;;;;;;;;;;;;;;;x;;;;
INC_3488;Titicaca;;;;;;;;;;;;;;;;;;x;;;;
INC_2304;Ariqipa;;;;;;;;;;;;;;;;;;x;;;;
QLS_3486;Quchapampa;;;;;;;;;;;;;;;;;;x;;;;
QLS_2314;Poopo-Qullaw;;;;;;;;;;;;;;;;;;x;;;;
DGT_2370;Upper Diaguita;;;;;;;;;;;;;;;;;;x;;;;
DGT_2373;Lower Diaguita;;;;;;;;;;;;;;;;;;x;;;;
INC_3520;Tik'su Pampa;;;;;;;;;;;;;;;;;;x;;;;
PEU_2289;Ikitusuyu;;;;;;;;;;;;;;;;;;x;;;;
PEU_2297;Sach'aqsuyu;;;;;;;;;;;;;;;;;;x;;;;
ENG_1979;Quyana;;;;;;;;;;;;;;;;;;x;;;;
VNZ_2265;Françiana;;;;;;;;;;;;;;;;;;x;;;;
VNZ_2278;Terre de Sauvage;;;;;;;;;;;;;;;;;;x;;;;
CLM_2276;Sanha de Warao;;;;;;;;;;;;;;;;;;x;;;;
CLM_2251;Nou Gasconha;;;;;;;;;;;;;;;;;;x;;;;
CLM_2262;Terre de Aroüagues;;;;;;;;;;;;;;;;;;x;;;;
CLM_2247;Muiscas de Nord;;;;;;;;;;;;;;;;;;x;;;;
CLM_2259;Muiscas de Sud;;;;;;;;;;;;;;;;;;x;;;;
BOL_2317;Tarapacusi Pampaniku;;;;;;;;;;;;;;;;;;x;;;;
BRZ_2402;Manaus;;;;;;;;;;;;;;;;;;x;;;;
GUY_2410;Tufinawa;;;;;;;;;;;;;;;;;;x;;;;
BRZ_2410;Tubajara;;;;;;;;;;;;;;;;;;x;;;;
BRZ_2418;Shingu;;;;;;;;;;;;;;;;;;x;;;;
BRZ_2421;Qalwu;;;;;;;;;;;;;;;;;;x;;;;
BRZ_2428;Butiwara;;;;;;;;;;;;;;;;;;x;;;;
BRZ_2432;Zayti;;;;;;;;;;;;;;;;;;x;;;;
BRZ_2430;Kariri;;;;;;;;;;;;;;;;;;x;;;;
BRZ_3469;Timbira;;;;;;;;;;;;;;;;;;x;;;;
BRZ_3475;Kayabu al-Shamaliyya;;;;;;;;;;;;;;;;;;x;;;;
BRZ_2419;Kayabu al-Janubiyya;;;;;;;;;;;;;;;;;;x;;;;
BRZ_2404;Mura;;;;;;;;;;;;;;;;;;x;;;;
BRZ_3480;Kawahib;;;;;;;;;;;;;;;;;;x;;;;
BRZ_3472;Tupina;;;;;;;;;;;;;;;;;;x;;;;
BRZ_2444;Tamu;;;;;;;;;;;;;;;;;;x;;;;
BRZ_2408;Kremak;;;;;;;;;;;;;;;;;;x;;;;
BRZ_2439;Tufinawa al-Janubiyya;;;;;;;;;;;;;;;;;;x;;;;
BRZ_2446;al-Buri;;;;;;;;;;;;;;;;;;x;;;;
BRZ_2447;al-Sahil al-Humr;;;;;;;;;;;;;;;;;;x;;;;
BRZ_2462;Barana;;;;;;;;;;;;;;;;;;x;;;;
BRZ_2306;al-Tufiniqin;;;;;;;;;;;;;;;;;;x;;;;
BRZ_2467;al-Shariji;;;;;;;;;;;;;;;;;;x;;;;
ARG_2360;Taragui;;;;;;;;;;;;;;;;;;x;;;;
ARG_2387;Apipon Chaquniku;;;;;;;;;;;;;;;;;;x;;;;
PRG_2338;Mpaya Chaquniku;;;;;;;;;;;;;;;;;;x;;;;
CCH_2379;Kamichingan Chaquniku;;;;;;;;;;;;;;;;;;x;;;;
CCH_2387;Warpe;;;;;;;;;;;;;;;;;;x;;;;
PRG_2343;Paraguai;;;;;;;;;;;;;;;;;;x;;;;
URU_2344;Bamba al-Shamaliyya;;;;;;;;;;;;;;;;;;x;;;;
PNB_2348;Bamba al-Sahil;;;;;;;;;;;;;;;;;;x;;;;
PNB_2350;Bamba al-Haribun;;;;;;;;;;;;;;;;;;x;;;;
CHL_2322;Pikunche;;;;;;;;;;;;;;;;;;x;;;;
CHL_2327;Mapuche;;;;;;;;;;;;;;;;;;x;;;;
CHL_2329;Williche;;;;;;;;;;;;;;;;;;x;;;;
CHL_2332;Archipel du Chono;;;;;;;;;;;;;;;;;;x;;;;
ARG_2391;Imlagia du Nord;;;;;;;;;;;;;;;;;;x;;;;
ARG_2398;Imlagia du Sud;;;;;;;;;;;;;;;;;;x;;;;
TUR_863;Asia Minor;;;;;;;;;;;;;;;;;;x;;;;
TUR_869;Smyrna;;;;;;;;;;;;;;;;;;x;;;;
TUR_873;Konya;;;;;;;;;;;;;;;;;;x;;;;
TUR_875;Antalya;;;;;;;;;;;;;;;;;;x;;;;
TUR_876;Engürü;;;;;;;;;;;;;;;;;;x;;;;
TUR_867;Germiyan;;;;;;;;;;;;;;;;;;x;;;;
TUR_879;Sivas;;;;;;;;;;;;;;;;;;x;;;;
TUR_882;Trabzon;;;;;;;;;;;;;;;;;;x;;;;
TUR_889;Rum;;;;;;;;;;;;;;;;;;x;;;;
DUL_3417;Dulkadir;;;;;;;;;;;;;;;;;;x;;;;
TIM_1110;Azarbaijan-e Gharbi;;;;;;;;;;;;;;;;;;x;;;;
TUR_890;Van;;;;;;;;;;;;;;;;;;x;;;;
TIM_923;Mosul;;;;;;;;;;;;;;;;;;x;;;;
TUR_3630;Shahr-e Zor;;;;;;;;;;;;;;;;;;x;;;;
RUS_1098;Armenestan;;;;;;;;;;;;;;;;;;x;;;;
TIM_1102;Shirvan;;;;;;;;;;;;;;;;;;x;;;;
KHI_1208;Qonduz;;;;;;;;;;;;;;;;;;x;;;;
AFG_1218;Pakhtunwali;;;;;;;;;;;;;;;;;;x;;;;
TIM_1207;Khatlon;;;;;;;;;;;;;;;;;;x;;;;
TIM_3619;Badakhshan;;;;;;;;;;;;;;;;;;x;;;;
PER_1217;'Eraq-e Ajami-ye Janubi;;;;;;;;;;;;;;;;;;x;;;;
RUS_1182;Yoyiq;;;;;;;;;;;;;;;;;;x;;;;
RUS_1184;Dasht-e Ozbeg;;;;;;;;;;;;;;;;;;x;;;;
KHI_1193;Syr Darya;;;;;;;;;;;;;;;;;;x;;;;
RUS_1185;Qara-Kirghiz;;;;;;;;;;;;;;;;;;x;;;;
KBD_1500;Kabardia;;;;;;;;;;;;;;;;;;x;;;;
RUS_1048;Kamassia;;;;;;;;;;;;;;;;;;x;;;;
RUS_1037;Western Tartary;;;;;;;;;;;;;;;;;;x;;;;
RUS_1030;Kazan;;;;;;;;;;;;;;;;;;x;;;;
RUS_1020;Nizhni Novgorod;;;;;;;;;;;;;;;;;;x;;;;
RUS_3709;Udmurtia-Mari El;;;;;;;;;;;;;;;;;;x;;;;
RUS_1042;Bashkortostan;;;;;;;;;;;;;;;;;;x;;;;
RUS_1006;Pskov;;;;;;;;;;;;;;;;;;x;;;;
RUS_992;Belozersk;;;;;;;;;;;;;;;;;;x;;;;
RUS_1001;Yaroslavl;;;;;;;;;;;;;;;;;;x;;;;
FRA_409;Elsass-Baden;;;;;;;;;;;;;;;;;;x;;;;
WUR_592;Augsburg;;;;;;;;;;;;;;;;;;x;;;;
PRU_572;Südrheinland;;;;;;;;;;;;;;;;;;x;;;;
PRU_570;Hessen;;;;;;;;;;;;;;;;;;x;;;;
SAX_558;Lusatia;;;;;;;;;;;;;;;;;;x;;;;
PRU_581;Westfalen;;;;;;;;;;;;;;;;;;x;;;;
HAN_540;Engern;;;;;;;;;;;;;;;;;;x;;;;
HAN_528;Ostfalen;;;;;;;;;;;;;;;;;;x;;;;
ENG_1317;Kerala;;;;;;;;;;;;;;;;;;x;;;;
ENG_1310;Madurai;;;;;;;;;;;;;;;;;;x;;;; 
MYS_3770;Karavali;;;;;;;;;;;;;;;;;;x;;;;
ENG_1300;Bijapur;;;;;;;;;;;;;;;;;;x;;;;
ENG_3809;Konkan;;;;;;;;;;;;;;;;;;x;;;;
ENG_3808;Daulatabad;;;;;;;;;;;;;;;;;;x;;;;
ENG_1284;Ahmednagar;;;;;;;;;;;;;;;;;;x;;;;
NAG_1277;Gondwana;;;;;;;;;;;;;;;;;;x;;;;
NAG_1280;Chattisgarh;;;;;;;;;;;;;;;;;;x;;;;
NAG_3805;Chotanagpur;;;;;;;;;;;;;;;;;;x;;;;
NAG_3805;Chotanagpur;;;;;;;;;;;;;;;;;;x;;;;
HYD_1306;Andhra;;;;;;;;;;;;;;;;;;x;;;;
HYD_1283;Golconda;;;;;;;;;;;;;;;;;;x;;;;
ENG_1257;Chittagong;;;;;;;;;;;;;;;;;;x;;;;
ENG_1256;Sundarbans;;;;;;;;;;;;;;;;;;x;;;;
ENG_1259;Rakhine Mountains;;;;;;;;;;;;;;;;;;x;;;;
ENG_1255;Rajshahi;;;;;;;;;;;;;;;;;;x;;;;
ENG_1329;Bhutan;;;;;;;;;;;;;;;;;;x;;;;
NEP_1327;Jumla;;;;;;;;;;;;;;;;;;x;;;;
NEP_1326;Katmandu;;;;;;;;;;;;;;;;;;x;;;;
ENG_1244;Faizabad;;;;;;;;;;;;;;;;;;x;;;;
MUG_1244;Awadh;;;;;;;;;;;;;;;;;;x;;;;
ENG_1275;Bundelkhand;;;;;;;;;;;;;;;;;;x;;;;
NEP_3853;Doti;;;;;;;;;;;;;;;;;;x;;;;
PAN_1235;Shimla;;;;;;;;;;;;;;;;;;x;;;;
MUG_1236;Doab;;;;;;;;;;;;;;;;;;x;;;;
GWA_3847;Mewat and Dhundar;;;;;;;;;;;;;;;;;;x;;;;
GWA_1269;Mewar;;;;;;;;;;;;;;;;;;x;;;;
MUG_1234;Firuzpur;;;;;;;;;;;;;;;;;;x;;;;
GWA_1266;Marwar;;;;;;;;;;;;;;;;;;x;;;;
ENG_1265;Thar;;;;;;;;;;;;;;;;;;x;;;;
ENG_1271;Malwa;;;;;;;;;;;;;;;;;;x;;;;
ENG_1295;Baroda;;;;;;;;;;;;;;;;;;x;;;;
ENG_1291;Ahmedabad;;;;;;;;;;;;;;;;;;x;;;;
ENG_1292;Saurashtra;;;;;;;;;;;;;;;;;;x;;;;
KAL_1219;Quetta;;;;;;;;;;;;;;;;;;x;;;;
PAN_1232;Shahpur;;;;;;;;;;;;;;;;;;x;;;;
PAN_1228;Multan;;;;;;;;;;;;;;;;;;x;;;;
PAN_1233;Amritsar;;;;;;;;;;;;;;;;;;x;;;;
TIB_1226;Ladakh;;;;;;;;;;;;;;;;;;x;;;;
SUR_1246;Bhojpur;;;;;;;;;;;;;;;;;;x;;;;
MUG_1240;Eastern Doab;;;;;;;;;;;;;;;;;;x;;;;
TUR_803;Raška;;;;;;;;;;;;;;;;;;x;;;;
SER_794;Srbjia;;;;;;;;;;;;;;;;;;x;;;;
BOS_799;Morava;;;;;;;;;;;;;;;;;;x;;;;
WAL_666;Krajova;;;;;;;;;;;;;;;;;;x;;;;
WAL_665;Pecenakaja;;;;;;;;;;;;;;;;;;x;;;;
TUR_828;Southern Thrace;;;;;;;;;;;;;;;;;;x;;;;
TUR_860;Tsarigrad;;;;;;;;;;;;;;;;;;x;;;;
TUR_809;Northern Thrace;;;;;;;;;;;;;;;;;;x;;;;
FRA_451;Cisjurana;;;;;;;;;;;;;;;;;;x;;;;
AUS_639;Dunántúl;;;;;;;;;;;;;;;;;;x;;;;
AUS_777;Slavonija;;;;;;;;;;;;;;;;;;x;;;;
AUS_771;Staro Hrvatska;;;;;;;;;;;;;;;;;;x;;;;
AUS_2538;Végvidék;;;;;;;;;;;;;;;;;;x;;;;
AUS_652;Bánság;;;;;;;;;;;;;;;;;;x;;;;
AUS_637;Felsö-Magyarország;;;;;;;;;;;;;;;;;;x;;;;
AUS_633;Felvidék;;;;;;;;;;;;;;;;;;x;;;;
AUS_950;Kárpátalja;;;;;;;;;;;;;;;;;;x;;;;
AUS_641;Közép-Magyarország;;;;;;;;;;;;;;;;;;x;;;;
SPA_479;Castilla la Vieja;;;;;;;;;;;;;;;;;;x;;;;
SPA_493;Navarra;;;;;;;;;;;;;;;;;;x;;;;
SPA_492;Aragón;;;;;;;;;;;;;;;;;;x;;;;
SPA_513;Gharnata;;;;;;;;;;;;;;;;;;x;;;;
SPA_512;al-Mawsat;;;;;;;;;;;;;;;;;;x;;;;
POR_525;al-Gharb;;;;;;;;;;;;;;;;;;x;;;;
AUS_626;Sudety;;;;;;;;;;;;;;;;;;x;;;;
AUS_627;Rudohorí;;;;;;;;;;;;;;;;;;x;;;;
AUS_629;Jihozápadní Cechy;;;;;;;;;;;;;;;;;;x;;;;  
AUS_625;Stredoczechý;;;;;;;;;;;;;;;;;;x;;;;
RUS_363;Awkshtota;;;;;;;;;;;;;;;;;;x;;;;
RUS_707;Dainava;;;;;;;;;;;;;;;;;;x;;;;
RUS_718;Mensk;;;;;;;;;;;;;;;;;;x;;;;
RUS_3353;Chelmszczyzna;;;;;;;;;;;;;;;;;;x;;;;
RUS_712;Lodž;;;;;;;;;;;;;;;;;;x;;;;
RUS_716;Sandomer;;;;;;;;;;;;;;;;;;x;;;;
POL_700;Kujavsko;;;;;;;;;;;;;;;;;;x;;;;
MOL_673;Siretova;;;;;;;;;;;;;;;;;;x;;;;
RUS_954;Podillia;;;;;;;;;;;;;;;;;;x;;;;
RUS_959;Volyn';;;;;;;;;;;;;;;;;;x;;;;
RUS_3971;Slobožanšchyna;;;;;;;;;;;;;;;;;;x;;;;
RUS_977;Siveršchyna;;;;;;;;;;;;;;;;;;x;;;;
CLM_1723;Banavie;;;;;;;;;;;;;;;;;;x;;;;
UCA_2201;Outarie;;;;;;;;;;;;;;;;;;x;;;;
FDA_3556;Necoquelie;;;;;;;;;;;;;;;;;;x;;;;
UCA_2193;Balencie;;;;;;;;;;;;;;;;;;x;;;;
UCA_2191;Pipilie;;;;;;;;;;;;;;;;;;x;;;;
FDA_2182;Chocnoquie;;;;;;;;;;;;;;;;;;x;;;;
MEX_2181;Chiapanequie;;;;;;;;;;;;;;;;;;x;;;;
UCA_2186;Petenitsie;;;;;;;;;;;;;;;;;;x;;;;
MEX_2183;Tequetenie;;;;;;;;;;;;;;;;;;x;;;;
MEX_3536;Cœulapanie;;;;;;;;;;;;;;;;;;x;;;;
MEX_3463;Teotitlanie;;;;;;;;;;;;;;;;;;x;;;;
KHI_1199;Samarqand;;;;;;;;;;;;;;;;;;x;;;;
KHI_4036;Shahr-e Sabz;;;;;;;;;;;;;;;;;;x;;;;
TIM_4040;Darvaz;;;;;;;;;;;;;;;;;;x;;;;
RUS_3961;Yedishkul;;;;;;;;;;;;;;;;;;x;;;;
BAD_571;Pfalz;;;;;;;;;;;;;;;;;;x;;;;
SAR_724;Liguria;;;;;;;;;;;;;;;;;;x;;;;
MEX_3531;Sihoitlanie;;;;;;;;;;;;;;;;;;x;;;;
MEX_3542;Tarasquie;;;;;;;;;;;;;;;;;;x;;;;
MEX_2171;Colemanie;;;;;;;;;;;;;;;;;;x;;;;
MEX_2161;Chalisquie;;;;;;;;;;;;;;;;;;x;;;;
MEX_2174;Levant Mexicain;;;;;;;;;;;;;;;;;;x;;;;
MEX_2158;Coichilie;;;;;;;;;;;;;;;;;;x;;;;
MEX_3538;Otomitie;;;;;;;;;;;;;;;;;;x;;;;
TIM_1195;Tashkand;;;;;;;;;;;;;;;;;;x;;;;
KAZ_4080;Saryarqa;;;;;;;;;;;;;;;;;;x;;;;
RUS_2611;Torghay;;;;;;;;;;;;;;;;;;x;;;;
RUS_1184;Ezil;;;;;;;;;;;;;;;;;;x;;;;
CHI_2679;Khvod;;;;;;;;;;;;;;;;;;x;;;;
AFG_1215;Sistan;;;;;;;;;;;;;;;;;;x;;;;
PER_1119;Kermanshah;;;;;;;;;;;;;;;;;;x;;;;
AUS_773;Gorska Hrvatska;;;;;;;;;;;;;;;;;;x;;;;
MON_2582;Khercegovina;;;;;;;;;;;;;;;;;;x;;;;
TUR_788;Bosna;;;;;;;;;;;;;;;;;;x;;;;
AUS_768;Kranjska;;;;;;;;;;;;;;;;;;x;;;;
AUS_618;Koroška;;;;;;;;;;;;;;;;;;x;;;;
TUR_812;Severna;;;;;;;;;;;;;;;;;;x;;;;
TUR_4144;Mizija;;;;;;;;;;;;;;;;;;x;;;;
TUR_674;Dobrudža;;;;;;;;;;;;;;;;;;x;;;;
TUR_810;Šopska;;;;;;;;;;;;;;;;;;x;;;;
TUR_818;Strandžanska;;;;;;;;;;;;;;;;;;x;;;;
TUR_809;Severna Trakija;;;;;;;;;;;;;;;;;;x;;;;
TUR_828;Yužna Trakija;;;;;;;;;;;;;;;;;;x;;;;
BUL_1780;Zapadna Makedonija;;;;;;;;;;;;;;;;;;x;;;;
TUR_805;Iztochna Makedonija;;;;;;;;;;;;;;;;;;x;;;;
ALB_824;Ípiros;;;;;;;;;;;;;;;;;;x;;;;
TUR_832;Thettalía;;;;;;;;;;;;;;;;;;x;;;;
GRE_837;Roúmeli;;;;;;;;;;;;;;;;;;x;;;;
GRE_826;Moriás;;;;;;;;;;;;;;;;;;x;;;;
JAP_1678;Ruuchuu;;;;;;;;;;;;;;;;;;x;;;;
KOR_1619;Gangwon;;;;;;;;;;;;;;;;;;x;;;;
KOR_1624;Hanseong;;;;;;;;;;;;;;;;;;x;;;;
KOR_1627;Pyongan;;;;;;;;;;;;;;;;;;x;;;;
KOR_1635;Gyeongsang;;;;;;;;;;;;;;;;;;x;;;;
JAP_1660;Hokubu Kyushu;;;;;;;;;;;;;;;;;;x;;;;
JAP_1662;Minami Kyushu;;;;;;;;;;;;;;;;;;x;;;;
JAP_1640;San'yodo;;;;;;;;;;;;;;;;;;x;;;;
JAP_1641;San'indo;;;;;;;;;;;;;;;;;;x;;;;
JAP_1655;Kinki;;;;;;;;;;;;;;;;;;x;;;;
JAP_1675;Tokaido;;;;;;;;;;;;;;;;;;x;;;;
JAP_1647;Hokoriku;;;;;;;;;;;;;;;;;;x;;;;
JAP_1646;Koshin'etsu;;;;;;;;;;;;;;;;;;x;;;;
JAP_1672;Tohoku;;;;;;;;;;;;;;;;;;x;;;;
MCK_1555;Seomanju;;;;;;;;;;;;;;;;;;x;;;;
CHI_1479;Dongmanju;;;;;;;;;;;;;;;;;;x;;;;
CHI_4208;Ryotwong;;;;;;;;;;;;;;;;;;x;;;;
MCK_1613;Wihae;;;;;;;;;;;;;;;;;;x;;;;