NOV;Novgorod;;;;;;;;;;;;;x
NOV_ADJ;Novgorodian;;;;;;;;;;;;;x
NOV_conservative;fill;;;;;;;;;;;;;;x;;;;;;;;;;;;;;
NOV_liberal;fill;;;;;;;;;;;;;;x;;;;;;;;;;;;;;
NOV_reactionary;fill;;;;;;;;;;;;;;x;;;;;;;;;;;;;;
NOV_anarcho_liberal;fill;;;;;;;;;;;;;;x;;;;;;;;;;;;;;
NOV_socialist;fill;;;;;;;;;;;;;;x;;;;;;;;;;;;;;
NOV_communist;fill;;;;;;;;;;;;;;x;;;;;;;;;;;;;;
NOV_fascist;fill;;;;;;;;;;;;;;x;;;;;;;;;;;;;;
SMK;Smolensk;;;;;;;;;;;;;;x;;;;;;;;;;;;;;
SMK_ADJ;Smolenskian;;;;;;;;;;;;;;x;;;;;;;;;;;;;;
SMK_conservative;fill;;;;;;;;;;;;;;x;;;;;;;;;;;;;;
SMK_liberal;fill;;;;;;;;;;;;;;x;;;;;;;;;;;;;;
SMK_reactionary;fill;;;;;;;;;;;;;;x;;;;;;;;;;;;;;
SMK_anarcho_liberal;fill;;;;;;;;;;;;;;x;;;;;;;;;;;;;;
SMK_socialist;fill;;;;;;;;;;;;;;x;;;;;;;;;;;;;;
SMK_communist;fill;;;;;;;;;;;;;;x;;;;;;;;;;;;;;
SMK_fascist;Fascists;;;;;;;;;;;;;;x;;;;;;;;;;;;;;
ZOU_conservative;Conservatives;;;;;;;;;;;;;;x;;;;;;;;;;;;;;
ZOU_liberal;Liberals;;;;;;;;;;;;;;x;;;;;;;;;;;;;;
ZOU_reactionary;Reactionaries;;;;;;;;;;;;;;x;;;;;;;;;;;;;;
ZOU_anarcho_liberal;Radicals;;;;;;;;;;;;;;x;;;;;;;;;;;;;;
ZOU_socialist;Socalists;;;;;;;;;;;;;;x;;;;;;;;;;;;;;
ZOU_communist;Communists;;;;;;;;;;;;;;x;;;;;;;;;;;;;;
ZOU_fascist;Fascists;;;;;;;;;;;;;;x;;;;;;;;;;;;;;
RYA;Ryazan Cossacks;;;;;;;;;;;;;;x;;;;;;;;;;;;;;
RYA_ADJ;Ryazanian;;;;;;;;;;;;;;x;;;;;;;;;;;;;;
MUS;Tverite Rus;;;;;;;;;;;;;;x;;;;;;;;;;;;;;
MUS_ADJ;Tverite;;;;;;;;;;;;;;x;;;;;;;;;;;;;;
MUS_conservative;fill;;;;;;;;;;;;;;x;;;;;;;;;;;;;;
MUS_liberal;fill;;;;;;;;;;;;;;x;;;;;;;;;;;;;;
MUS_reactionary;fill;;;;;;;;;;;;;;x;;;;;;;;;;;;;;
MUS_anarcho_liberal;fill;;;;;;;;;;;;;;x;;;;;;;;;;;;;;
MUS_socialist;fill;;;;;;;;;;;;;;x;;;;;;;;;;;;;;
MUS_communist;fill;;;;;;;;;;;;;;x;;;;;;;;;;;;;;
MUS_fascist;fill;;;;;;;;;;;;;;x;;;;;;;;;;;;;;
KRM;Beghdilids;;;;;;;;;;;;;;x;;;;;;;;;;;;;;
KRM_absolute_monarchy;Beghdilid Empire;;;;;;;;;;;;;;x;;;;;;;;;;;;;;
KRM_hms_government;Beghdilid Empire;;;;;;;;;;;;x
KRM_prussian_monarchy;Beghdilid Empire;;;;;;;;;;;;;;x;;;;;;;;;;;;;;
KRM_ADJ;Beghdili;;;;;;;;;;;;;;x;;;;;;;;;;;;;;
AKK;Khanate of Donboli;;;;;;;;;;;;;;x;;;;;;;;;;;;;;
AKK_ADJ;Donboli;;;;;;;;;;;;;;x;;;;;;;;;;;;;;
TIM_absolute_monarchy;The Timurid Empire;;;;;;;;;;;;;;x;;;;;;;;;;;;;;
TIM_hms_government;The Timurid Empire;;;;;;;;;;;;x
TIM_prussian_monarchy;The Timurid Empire;;;;;;;;;;;;;;x;;;;;;;;;;;;;;
TIM;Timurids;;;;;;;;;;;;;;x;;;;;;;;;;;;;;
TIM_ADJ;Timurid;;;;;;;;;;;;;;x;;;;;;;;;;;;;;
TIM_conservative;Hezb-e homayuni-ye Gurkaniyan;;;;;;;;;;;;;;x;;;;;;;;;;;;;;
TIM_liberal;Etehad-e Daneshju va Ostad;;;;;;;;;;;;;;x;;;;;;;;;;;;;;
TIM_reactionary;Hezb-e Molla;;;;;;;;;;;;;;x;;;;;;;;;;;;;;
TIM_anarcho_liberal;Bazari;;;;;;;;;;;;;;x;;;;;;;;;;;;;;
TIM_religious_communist;Mujaheddin-e Mardom-e Iran o Turan;;;;;;;;;;;;;;x;;;;;;;;;;;;;;
TIM_socialist;Hezb-e 'Adl-e Mardom;;;;;;;;;;;;;;x;;;;;;;;;;;;;;
TIM_communist;Hezb-e Tudeh-ye Iran o Turan;;;;;;;;;;;;;;x;;;;;;;;;;;;;;
TIM_fascist;Hezb-e Turki-ye Bozorg;;;;;;;;;;;;;;x;;;;;;;;;;;;;;
DUL;Dulkadir;;;;;;;;;;;;;;x;;;;;;;;;;;;;;
DUL_colonial_company;Dulkadir Beydom;;;;;;;;;;;;;;x;;;;;;;;;;;;;;
DUL_ADJ;Dulkadiri;;;;;;;;;;;;;;x;;;;;;;;;;;;;;
RMZ;Ramadanids;;;;;;;;;;;;;;x;;;;;;;;;;;;;;
RMZ_colonial_company;Ramadanids;;;;;;;;;;;;;;x;;;;;;;;;;;;;;
RMZ_ADJ;Ramadanid;;;;;;;;;;;;;;x;;;;;;;;;;;;;;
KLS;Kilis;;;;;;;;;;;;;;x;;;;;;;;;;;;;;
KLS_colonial_company;Emirate of Kilis;;;;;;;;;;;;;;x;;;;;;;;;;;;;;
KLS_ADJ;Kilis;;;;;;;;;;;;;;x;;;;;;;;;;;;;;
ASY;Assyria;;;;;;;;;;;;;;x;;;;;;;;;;;;;;
ASY_colonial_company;Tur Abdin;;;;;;;;;;;;;;x;;;;;;;;;;;;;;
ASY_ADJ;Assyrian;;;;;;;;;;;;;;x;;;;;;;;;;;;;;
CND;Emirate of Eghil;;;;;;;;;;;;;;x;;;;;;;;;;;;;;
CND_ADJ;Eghili;;;;;;;;;;;;;;x;;;;;;;;;;;;;;
CND_conservative;fill;;;;;;;;;;;;;;x;;;;;;;;;;;;;;
CND_liberal;fill;;;;;;;;;;;;;;x;;;;;;;;;;;;;;
CND_reactionary;fill;;;;;;;;;;;;;;x;;;;;;;;;;;;;;
CND_anarcho_liberal;fill;;;;;;;;;;;;;;x;;;;;;;;;;;;;;
CND_socialist;fill;;;;;;;;;;;;;;x;;;;;;;;;;;;;;
CND_communist;fill;;;;;;;;;;;;;;x;;;;;;;;;;;;;;
CND_fascist;fill;;;;;;;;;;;;;;x;;;;;;;;;;;;;;
NRD;North Sea Empire;;;;;;;;;;;;;;x;;;;;;;;;;;;;;
NRD_ADJ;Anglo-Norse;;;;;;;;;;;;;;x;;;;;;;;;;;;;;
NRD_conservative;fill;;;;;;;;;;;;;;x;;;;;;;;;;;;;;
NRD_liberal;fill;;;;;;;;;;;;;;x;;;;;;;;;;;;;;
NRD_reactionary;fill;;;;;;;;;;;;;;x;;;;;;;;;;;;;;
NRD_anarcho_liberal;fill;;;;;;;;;;;;;;x;;;;;;;;;;;;;;
NRD_socialist;fill;;;;;;;;;;;;;;x;;;;;;;;;;;;;;
NRD_communist;fill;;;;;;;;;;;;;;x;;;;;;;;;;;;;;
NRD_fascist;fill;;;;;;;;;;;;;;x;;;;;;;;;;;;;;
ILL;Illinewek Confederation;;;;;;;;;;;;;;x;;;;;;;;;;;;;;
ILL_ADJ;Illinewekan;;;;;;;;;;;;;;x;;;;;;;;;;;;;;
ILL_conservative;fill;;;;;;;;;;;;;;x;;;;;;;;;;;;;;
ILL_liberal;fill;;;;;;;;;;;;;;x;;;;;;;;;;;;;;
ILL_reactionary;fill;;;;;;;;;;;;;;x;;;;;;;;;;;;;;
ILL_anarcho_liberal;fill;;;;;;;;;;;;;;x;;;;;;;;;;;;;;
ILL_socialist;fill;;;;;;;;;;;;;;x;;;;;;;;;;;;;;
ILL_communist;fill;;;;;;;;;;;;;;x;;;;;;;;;;;;;;
ILL_fascist;fill;;;;;;;;;;;;;;x;;;;;;;;;;;;;;
PLB;Polabia;;;;;;;;;;;;;;x;;;;;;;;;;;;;;
PLB_ADJ;Polabian;;;;;;;;;;;;;;x;;;;;;;;;;;;;;
MEC_conservative;fill;;;;;;;;;;;;;;x;;;;;;;;;;;;;;
MEC_liberal;fill;;;;;;;;;;;;;;x;;;;;;;;;;;;;;
MEC_reactionary;fill;;;;;;;;;;;;;;x;;;;;;;;;;;;;;
MEC_anarcho_liberal;fill;;;;;;;;;;;;;;x;;;;;;;;;;;;;;
MEC_socialist;fill;;;;;;;;;;;;;;x;;;;;;;;;;;;;;
MEC_communist;fill;;;;;;;;;;;;;;x;;;;;;;;;;;;;;
MEC_fascist;fill;;;;;;;;;;;;;;x;;;;;;;;;;;;;;
LIR;Lordship of Ireland;;;;;;;;;;;;;;x;;;;;;;;;;;;;;
LIR_colonial_company;Lordship of Ireland;;;;;;;;;;;;;;x;;;;;;;;;;;;;;
LIR_ADJ;Irish;;;;;;;;;;;;;;x;;;;;;;;;;;;;;
LIR_conservative;fill;;;;;;;;;;;;;;x;;;;;;;;;;;;;;
LIR_liberal;fill;;;;;;;;;;;;;;x;;;;;;;;;;;;;;
LIR_reactionary;fill;;;;;;;;;;;;;;x;;;;;;;;;;;;;;
LIR_anarcho_liberal;fill;;;;;;;;;;;;;;x;;;;;;;;;;;;;;
LIR_socialist;fill;;;;;;;;;;;;;;x;;;;;;;;;;;;;;
LIR_communist;fill;;;;;;;;;;;;;;x;;;;;;;;;;;;;;
LIR_fascist;fill;;;;;;;;;;;;;;x;;;;;;;;;;;;;;
SLN;Sligo;;;;;;;;;;;;;;x;;;;;;;;;;;;;;
SLN_ADJ;Irish;;;;;;;;;;;;;;x;;;;;;;;;;;;;;
SLN_conservative;fill;;;;;;;;;;;;;;x;;;;;;;;;;;;;;
SLN_liberal;fill;;;;;;;;;;;;;;x;;;;;;;;;;;;;;
SLN_reactionary;fill;;;;;;;;;;;;;;x;;;;;;;;;;;;;;
SLN_anarcho_liberal;fill;;;;;;;;;;;;;;x;;;;;;;;;;;;;;
SLN_socialist;fill;;;;;;;;;;;;;;x;;;;;;;;;;;;;;
SLN_communist;fill;;;;;;;;;;;;;;x;;;;;;;;;;;;;;
SLN_fascist;fill;;;;;;;;;;;;;;x;;;;;;;;;;;;;;
MNS;Munster;;;;;;;;;;;;;;x;;;;;;;;;;;;;;
MNS_ADJ;Irish;;;;;;;;;;;;;;x;;;;;;;;;;;;;;
MNS_conservative;fill;;;;;;;;;;;;;;x;;;;;;;;;;;;;;
MNS_liberal;fill;;;;;;;;;;;;;;x;;;;;;;;;;;;;;
MNS_reactionary;fill;;;;;;;;;;;;;;x;;;;;;;;;;;;;;
MNS_anarcho_liberal;fill;;;;;;;;;;;;;;x;;;;;;;;;;;;;;
MNS_socialist;fill;;;;;;;;;;;;;;x;;;;;;;;;;;;;;
MNS_communist;fill;;;;;;;;;;;;;;x;;;;;;;;;;;;;;
MNS_fascist;fill;;;;;;;;;;;;;;x;;;;;;;;;;;;;;
ULS;Ulster;;;;;;;;;;;;;;x;;;;;;;;;;;;;;
ULS_ADJ;Irish;;;;;;;;;;;;;;x;;;;;;;;;;;;;;
ULS_conservative;fill;;;;;;;;;;;;;;x;;;;;;;;;;;;;;
ULS_liberal;fill;;;;;;;;;;;;;;x;;;;;;;;;;;;;;
ULS_reactionary;fill;;;;;;;;;;;;;;x;;;;;;;;;;;;;;
ULS_anarcho_liberal;fill;;;;;;;;;;;;;;x;;;;;;;;;;;;;;
ULS_socialist;fill;;;;;;;;;;;;;;x;;;;;;;;;;;;;;
ULS_communist;fill;;;;;;;;;;;;;;x;;;;;;;;;;;;;;
ULS_fascist;fill;;;;;;;;;;;;;;x;;;;;;;;;;;;;;
FDA_colonial_company;Tenochtitlan Company;;;;;;;;;;;;;;x;;;;;;;;;;;;;;
FDA;Fédération d'Sallie;;;;;;;;;;;;;;x;;;;;;;;;;;;;;
FDA_ADJ;Sallien;;;;;;;;;;;;;;x;;;;;;;;;;;;;;
FDA_conservative;fill;;;;;;;;;;;;;;x;;;;;;;;;;;;;;
FDA_liberal;fill;;;;;;;;;;;;;;x;;;;;;;;;;;;;;
FDA_reactionary;fill;;;;;;;;;;;;;;x;;;;;;;;;;;;;;
FDA_anarcho_liberal;fill;;;;;;;;;;;;;;x;;;;;;;;;;;;;;
FDA_socialist;fill;;;;;;;;;;;;;;x;;;;;;;;;;;;;;
FDA_communist;fill;;;;;;;;;;;;;;x;;;;;;;;;;;;;;
FDA_fascist;fill;;;;;;;;;;;;;;x;;;;;;;;;;;;;;
THU;Thuringia;;;;;;;;;;;;;;x;;;;;;;;;;;;;;
THU_ADJ;Thuringian;;;;;;;;;;;;;;x;;;;;;;;;;;;;;
THU_conservative;Thüringische Volkspartei;;;;;;;;;;;;;;x;;;;;;;;;;;;;;
THU_liberal;Reformisten;;;;;;;;;;;;;;x;;;;;;;;;;;;;;
THU_reactionary;Herzogsfraktion;;;;;;;;;;;;;;x;;;;;;;;;;;;;;
THU_anarcho_liberal;Radikale Reformisten;;;;;;;;;;;;;;x;;;;;;;;;;;;;;
THU_socialist;SPT;;;;;;;;;;;;;;x;;;;;;;;;;;;;;
THU_communist;Thüringische Revolutionspartei;;;;;;;;;;;;;;x;;;;;;;;;;;;;;
THU_fascist;Nationalsozialistische Partei;;;;;;;;;;;;;;x;;;;;;;;;;;;;;
BRB;Brabant;;;;;;;;;;;;;;x;;;;;;;;;;;;;;
BRB_ADJ;Brabantian;;;;;;;;;;;;;;x;;;;;;;;;;;;;;
BRB_conservative;Brabantise Volkspartie;;;;;;;;;;;;;;x;;;;;;;;;;;;;;
BRB_liberal;Reformisten;;;;;;;;;;;;;;x;;;;;;;;;;;;;;
BRB_reactionary;Hertogsfraktion;;;;;;;;;;;;;;x;;;;;;;;;;;;;;
BRB_anarcho_liberal;Radikale Reformisten;;;;;;;;;;;;;;x;;;;;;;;;;;;;;
BRB_socialist;SPB;;;;;;;;;;;;;;x;;;;;;;;;;;;;;
BRB_communist;Brabantiske Revolutionspartie;;;;;;;;;;;;;;x;;;;;;;;;;;;;;
BRB_fascist;Nationalsotialistiske Partie;;;;;;;;;;;;;;x;;;;;;;;;;;;;;
ALN;Alania;;;;;;;;;;;;;;x;;;;;;;;;;;;;;
ALN_ADJ;Alanian;;;;;;;;;;;;;;x;;;;;;;;;;;;;;
URF;Emirate of Tasini;;;;;;;;;;;;;;x;;;;;;;;;;;;;;
URF_ADJ;Tasini;;;;;;;;;;;;;;x;;;;;;;;;;;;;;
CAL_colonial_company;West Coast Company;;;;;;;;;;;;;;x;;;;;;;;;;;;;;
CAL;New Scotland;;;;;;;;;;;;;;x;;;;;;;;;;;;;;
CAL_ADJ;Scottish;;;;;;;;;;;;;;x;;;;;;;;;;;;;;
BYZ_absolute_monarchy;The Bulgarian Empire;;;;;;;;;;;;;;x;;;;;;;;;;;;;;
CST;Toledo;;;;;;;;;;;;;;x;;;;;;;;;;;;;;
CST_ADJ;Castilian;;;;;;;;;;;;;;x;;;;;;;;;;;;;;
INC;Andean Republic;;;;;;;;;;;;;;x;;;;;;;;;;;;;;
INC_absolute_monarchy;Pichqatinsuyu;;;;;;;;;;;;;;x;;;;;;;;;;;;;;
INC_hms_government;Pichqatinsuyu;;;;;;;;;;;;x
INC_prussian_constitutionalism;Pichqatinsuyu;;;;;;;;;;;;x
INC_ADJ;Incan;;;;;;;;;;;;;;x;;;;;;;;;;;;;;
TUA;Kel Ahaggar;;;;;;;;;;;;;;x;;;;;;;;;;;;;;
TUA_ADJ;Tuareg;;;;;;;;;;;;;;x;;;;;;;;;;;;;;
KJP;Kirisuto Japan;;;;;;;;;;;;;;x;;;;;;;;;;;;;;
KJP_ADJ;Japanese;;;;;;;;;;;;;;x;;;;;;;;;;;;;;
ANU;Andalusia;;;;;;;;;;;;;;x;;;;;;;;;;;;;;
ANU_colonial_company;Wilaya of Al-Andalus;;;;;;;;;;;;;;x;;;;;;;;;;;;;;
ANU_ADJ;Andalusian;;;;;;;;;;;;;;x;;;;;;;;;;;;;;
KOK;Argyn Zhuz;;;;;;;;;;;;;;x;;;;;;;;;;;;;;
KOK_absolute_monarchy;Argyn Zhuz;;;;;;;;;;;;;;x;;;;;;;;;;;;;;
KOK_hms_government;Argyn Zhuz;;;;;;;;;;;;x
KOK_prussian_constitutionalism;Argyn Zhuz;;;;;;;;;;;;x
KOK_ADJ;Argyni;;;;;;;;;;;;;;x;;;;;;;;;;;;;;
BRG;Arelat;;;;;;;;;;;;;;x;;;;;;;;;;;;;;
BRG_ADJ;Burgundian;;;;;;;;;;;;;;x;;;;;;;;;;;;;;
BRG_conservative;Partij af Freideins;;;;;;;;;;;;;;x;;;;;;;;;;;;;;
BRG_liberal;Partij af Freihals;;;;;;;;;;;;;;x;;;;;;;;;;;;;;
BRG_reactionary;Partij af Reaktioners;;;;;;;;;;;;;;x;;;;;;;;;;;;;;
BRG_anarcho_liberal;Partij af Radikals;;;;;;;;;;;;;;x;;;;;;;;;;;;;;
BRG_socialist;Burgundthiuda;;;;;;;;;;;;;;x;;;;;;;;;;;;;;
BRG_communist;Burgundthiuda Radikals;;;;;;;;;;;;;;x;;;;;;;;;;;;;;
BRG_fascist;Fraujinassus af Burgundthiuda;;;;;;;;;;;;;;x;;;;;;;;;;;;;;
KOL;Cologne;;;;;;;;;;;;;;x;;;;;;;;;;;;;;
KOL_ADJ;Colognian;;;;;;;;;;;;;;x;;;;;;;;;;;;;;
FRI;Frisia;;;;;;;;;;;;;;x;;;;;;;;;;;;;;
FRI_ADJ;Frisian;;;;;;;;;;;;;;x;;;;;;;;;;;;;;
AAC;German Parliament of Aachen;;;;;;;;;;;;;;x;;;;;;;;;;;;;;
AAC_conservative;Deutsche Mehrheitspartei;;;;;;;;;;;;;x
AAC_liberal;Vereinigung deutscher Konstitutionalisten;;;;;;;;;;;;;x
AAC_reactionary;Absolutistische Fraktion;;;;;;;;;;;;;x
AAC_anarcho_liberal;Republikanische Volksvereinigung;;;;;;;;;;;;;x
AAC_socialist;Sozialisten;;;;;;;;;;;;;x
AAC_communist;Kommunisten;;;;;;;;;;;;;x
AAC_fascist;Faschisten;;;;;;;;;;;;;x
AAC_ADJ;Aachener;;;;;;;;;;;;;;x;;;;;;;;;;;;;;
WUL;Franconia;;;;;;;;;;;;;;x;;;;;;;;;;;;;;
WUL_ADJ;Franconian;;;;;;;;;;;;;;x;;;;;;;;;;;;;;
KZN_absolute_monarchy;Khanate of Kazan;;;;;;;;;;;;;;x;;;;;;;;;;;;;;
KZN_hms_government;Khanate of Kazan;;;;;;;;;;;;x
KZN_prussian_constitutionalism;Khanate of Kazan;;;;;;;;;;;;x
KZN;Kazan;;;;;;;;;;;;;;x;;;;;;;;;;;;;;
KZN_ADJ;Kazani;;;;;;;;;;;;;;x;;;;;;;;;;;;;;
NEN;Lozania;;;;;;;;;;;;;;x;;;;;;;;;;;;;;
NEN_liberal;Sjtadlige;;;;;;;;;;;;;;x;;;;;;;;;;;;;;
NEN_conservative;Dörpenkongrese;;;;;;;;;;;;;;x;;;;;;;;;;;;;;
NEN_liberal_2;Sjtadlige;;;;;;;;;;;;;;x;;;;;;;;;;;;;;
NEN_socialist;Werkerkongrese;;;;;;;;;;;;;;x;;;;;;;;;;;;;;
NEN_reactionary;Eegenermaotsjappie;;;;;;;;;;;;;;x;;;;;;;;;;;;;;
NEN_anarcho_liberal;Vriehedpartie;;;;;;;;;;;;;;x;;;;;;;;;;;;;;
NEN_communist;Roeadcirkel;;;;;;;;;;;;;;x;;;;;;;;;;;;;;
NEN_fascist;Iezerlige;;;;;;;;;;;;;;x;;;;;;;;;;;;;;
NEN_ADJ;Lozanian;;;;;;;;;;;;;;x;;;;;;;;;;;;;;
WUR;Swabia;;;;;;;;;;;;;;x;;;;;;;;;;;;;;
WUR_ADJ;Swabian;;;;;;;;;;;;;;x;;;;;;;;;;;;;;
BOH;Bohemia;;;;;;;;;;;;;;x;;;;;;;;;;;;;;
BOH_ADJ;Bohemian;;;;;;;;;;;;;;x;;;;;;;;;;;;;;
CRI_absolute_monarchy;Khanate of Crimea;;;;;;;;;;;;;;x;;;;;;;;;;;;;;
CRI_hms_government;Khanate of Crimea;;;;;;;;;;;;x
CRI_prussian_constitutionalism;Khanate of Crimea;;;;;;;;;;;;x
AKH_absolute_monarchy;Khanate of Astrakhan;;;;;;;;;;;;;;x;;;;;;;;;;;;;;
AKH_hms_government;Khanate of Astrakhan;;;;;;;;;;;;x
AKH_prussian_constitutionalism;Khanate of Astrakhan;;;;;;;;;;;;x
SIB_absolute_monarchy;Khanate of Qashliq;;;;;;;;;;;;;;x;;;;;;;;;;;;;;
SIB_hms_government;Khanate of Qashliq;;;;;;;;;;;;x
SIB_prussian_constitutionalism;Khanate of Qashliq;;;;;;;;;;;;x
URA;Great Perm;;;;;;;;;;;;;;x;;;;;;;;;;;;;;
URA_absolute_monarchy;Great Perm;;;;;;;;;;;;;;x;;;;;;;;;;;;;;
URA_hms_government;Great Perm;;;;;;;;;;;;x
URA_prussian_constitutionalism;Great Perm;;;;;;;;;;;;x
URA_ADJ;Permian;;;;;;;;;;;;;;x;;;;;;;;;;;;;;
OIR;Oirat;;;;;;;;;;;;;;x;;;;;;;;;;;;;;
OIR_absolute_monarchy;Oirat Khaganate;;;;;;;;;;;;;;x;;;;;;;;;;;;;;
OIR_hms_government;Oirat Khaganate;;;;;;;;;;;;x
OIR_prussian_constitutionalism;Oirat Khaganate;;;;;;;;;;;;x
OIR_ADJ;Oirat;;;;;;;;;;;;;;x;;;;;;;;;;;;;;
ALT;Altai Union;;;;;;;;;;;;;;x;;;;;;;;;;;;;;
ALT_absolute_monarchy;Tuva Uriankhai;;;;;;;;;;;;;;x;;;;;;;;;;;;;;
ALT_hms_government;Tuva Uriankhai;;;;;;;;;;;;x
ALT_prussian_constitutionalism;Tuva Uriankhai;;;;;;;;;;;;x
ALT_ADJ;Altaic;;;;;;;;;;;;;;x;;;;;;;;;;;;;;
BRY;Buryatia;;;;;;;;;;;;;;x;;;;;;;;;;;;;;
BRY_absolute_monarchy;Buryat Khanate;;;;;;;;;;;;;;x;;;;;;;;;;;;;;
BRY_hms_government;Buryat Khanate;;;;;;;;;;;;x
BRY_prussian_constitutionalism;Buryat Khanate;;;;;;;;;;;;x
BRY_ADJ;Buryat-Mongol;;;;;;;;;;;;;;x;;;;;;;;;;;;;;
CAT;Catalonia;;;;;;;;;;;;;;x;;;;;;;;;;;;;;
CAT_absolute_monarchy;Aragon;;;;;;;;;;;;;;x;;;;;;;;;;;;;;
CAT_hms_government;Aragon;;;;;;;;;;;;x
CAT_prussian_constitutionalism;Aragon;;;;;;;;;;;;x
CAT_ADJ;Catalonian;;;;;;;;;;;;;;x;;;;;;;;;;;;;;
TRR;Trier;;;;;;;;;;;;;;x;;;;;;;;;;;;;;
TRR_ADJ;Trierian;;;;;;;;;;;;;;x;;;;;;;;;;;;;;
LIG;Liege;;;;;;;;;;;;;;x;;;;;;;;;;;;;;
LIG_ADJ;Liegian;;;;;;;;;;;;;;x;;;;;;;;;;;;;;
ERF;Erfurt;;;;;;;;;;;;;;x;;;;;;;;;;;;;;
ERF_ADJ;Erfurter;;;;;;;;;;;;;;x;;;;;;;;;;;;;;
BZN;Burzenland;;;;;;;;;;;;;;x;;;;;;;;;;;;;; 
BZN_colonial_company;Királyföld;;;;;;;;;;;;;;x;;;;;;;;;;;;;; 
BZN_ADJ;Burzian;;;;;;;;;;;;;;x;;;;;;;;;;;;;;
UKR;Kiev;;;;;;;;;;;;;;x;;;;;;;;;;;;;;
UKR_ADJ;Kievian;;;;;;;;;;;;;;x;;;;;;;;;;;;;;
VEN;Venice;;;;;;;;;;;;;;x;;;;;;;;;;;;;;
VEN_ADJ;Venetian;;;;;;;;;;;;;;x;;;;;;;;;;;;;;
SIC;Naples;;;;;;;;;;;;;;x;;;;;;;;;;;;;;
SIC_ADJ;Neapolitan;;;;;;;;;;;;;;x;;;;;;;;;;;;;;
BSQ;Basque Country;;;;;;;;;;;;;;x;;;;;;;;;;;;;;
BSQ_absolute_monarchy;Navarra;;;;;;;;;;;;;;x;;;;;;;;;;;;;;
BSQ_hms_government;Navarra;;;;;;;;;;;;x
BSQ_prussian_constitutionalism;Navarra;;;;;;;;;;;;x
BSQ_ADJ;Basque;;;;;;;;;;;;;;x;;;;;;;;;;;;;;
PRU;Pruthenia;;;;;;;;;;;;;;x;;;;;;;;;;;;;;
PRU_absolute_monarchy;Pruthenia;;;;;;;;;;;;;;x;;;;;;;;;;;;;;
PRU_hms_government;Pruthenia;;;;;;;;;;;;x
PRU_prussian_constitutionalism;Pruthenia;;;;;;;;;;;;x
PRU_ADJ;Pruthenian;;;;;;;;;;;;;;x;;;;;;;;;;;;;;
UBD_colonial_company;Livonia;;;;;;;;;;;;;;x;;;;;;;;;;;;;;
UBD_ADJ;Baltic;;;;;;;;;;;;;;x;;;;;;;;;;;;;;
MNG;Ming;;;;;;;;;;;;;;x;;;;;;;;;;;;;;
MNG_ADJ;Chinese;;;;;;;;;;;;;;x;;;;;;;;;;;;;;
MAH;Marathi Confederation;;;;;;;;;;;;;;x;;;;;;;;;;;;;;
MAH_ADJ;Marathi;;;;;;;;;;;;;;x;;;;;;;;;;;;;;
PNJ;Punjab;;;;;;;;;;;;;;x;;;;;;;;;;;;;;
PNJ_colonial_company;Multan;;;;;;;;;;;;;;x;;;;;;;;;;;;;;
PNJ_absolute_monarchy;Punjab;;;;;;;;;;;;x
PNJ_hms_government;Punjab;;;;;;;;;;;;x
PNJ_prussian_constitutionalism;Punjab;;;;;;;;;;;;x
PNJ_ADJ;Punjabian;;;;;;;;;;;;;;x;;;;;;;;;;;;;;
BLC;Baluchistan;;;;;;;;;;;;;;x;;;;;;;;;;;;;;
BLC_absolute_monarchy;Baluchistan;;;;;;;;;;;;;;x;;;;;;;;;;;;;;
BLC_hms_government;Baluchistan;;;;;;;;;;;;x
BLC_colonial_company;Baluchestan;;;;;;;;;;;;;;x;;;;;;;;;;;;;;
BLC_prussian_constitutionalism;Baluchistan;;;;;;;;;;;;x
BLC_ADJ;Baluchi;;;;;;;;;;;;;;x;;;;;;;;;;;;;;
TAR_absolute_monarchy;Kipchak Khanate;;;;;;;;;;;;;;x;;;;;;;;;;;;;;
TAR_hms_government;Kipchak Khanate;;;;;;;;;;;;x
TAR_prussian_constitutionalism;Kipchak Khanate;;;;;;;;;;;;x
TAR_republic;Kipchakistan;;;;;;;;;;;;x
TAR_ADJ;Kipchak;;;;;;;;;;;;;;x;;;;;;;;;;;;;;
NAP;Naples;;;;;;;;;;;;x
NAP_ADJ;Neapolitan;;;;;;;;;;;;;;x;;;;;;;;;;;;;;
KNI;The Knights;;;;;;;;;;;;x
KNI_ADJ;Knights';;;;;;;;;;;;;;x;;;;;;;;;;;;;;
NZH;Daxi;;;;;;;;;;;;x
NZH_ADJ;Xi;;;;;;;;;;;;;;x;;;;;;;;;;;;;;
CMN;Kunság;;;;;;;;;;;;x
CMN_ADJ;Cuman;;;;;;;;;;;;;;x;;;;;;;;;;;;;;
YNN;Im a placeholder;;;;;;;;;;;;x
BSV;Severin;;;;;;;;;;;;;;x;;;;;;;;;;;;;;
BSV_ADJ;Severinian;;;;;;;;;;;;;;x;;;;;;;;;;;;;;
BBO;Bosnia;;;;;;;;;;;;;;x;;;;;;;;;;;;;;
BBO_ADJ;Bosnian;;;;;;;;;;;;;;x;;;;;;;;;;;;;;
BCR;Croatia;;;;;;;;;;;;;;x;;;;;;;;;;;;;;
BCR_ADJ;Croatian;;;;;;;;;;;;;;x;;;;;;;;;;;;;;
SLA;Slavonia;;;;;;;;;;;;;;x;;;;;;;;;;;;;;
SLA_ADJ;Slavonian;;;;;;;;;;;;;;x;;;;;;;;;;;;;;
ABB;Abbasid Caliphate;;;;;;;;;;;;;;x;;;;;;;;;;;;;;
ABB_ADJ;Abbasid;;;;;;;;;;;;;;x;;;;;;;;;;;;;;
LIH;Dzukija;;;;;;;;;;;;;;x;;;;;;;;;;;;;;
LIH_ADJ;Dzukijaian;;;;;;;;;;;;;;x;;;;;;;;;;;;;;
SMG;Samogitia;;;;;;;;;;;;;;x;;;;;;;;;;;;;;
SMG_ADJ;Samogitian;;;;;;;;;;;;;;x;;;;;;;;;;;;;;
CUR;Courland;;;;;;;;;;;;;;x;;;;;;;;;;;;;;
CUR_ADJ;Curonian;;;;;;;;;;;;;;x;;;;;;;;;;;;;;
NIB;New Iberia;;;;;;;;;;;;;;x;;;;;;;;;;;;;;
NIB_ADJ;New Iberian;;;;;;;;;;;;;;x;;;;;;;;;;;;;;
CHV;Chuvashia;;;;;;;;;;;;;;x;;;;;;;;;;;;;;
CHV_ADJ;Chuvashian;;;;;;;;;;;;;;x;;;;;;;;;;;;;;
CHC;Chernigov Cossacks;;;;;;;;;;;;;;x;;;;;;;;;;;;;;
CHC_ADJ;Chernigovian;;;;;;;;;;;;;;x;;;;;;;;;;;;;;
KRC;Kursk Cossacks;;;;;;;;;;;;;;x;;;;;;;;;;;;;;
KRC_ADJ;Kurskian;;;;;;;;;;;;;;x;;;;;;;;;;;;;;
SHU;Shu;;;;;;;;;;;;;;x;;;;;;;;;;;;;;
SHU_ADJ;Shu;;;;;;;;;;;;;;x;;;;;;;;;;;;;;
SHN;Great Shun;;;;;;;;;;;;;;x;;;;;;;;;;;;;;
SHN_ADJ;Shun;;;;;;;;;;;;;;x;;;;;;;;;;;;;;
NNI;Daur;;;;;;;;;;;;;;x;;;;;;;;;;;;;;
NNI_absolute_monarchy;Daur Khanate;;;;;;;;;;;;;;x;;;;;;;;;;;;;;
NNI_hms_government;Daur Khanate;;;;;;;;;;;;x
NNI_ADJ;Daur;;;;;;;;;;;;;;x;;;;;;;;;;;;;;
VDB;Ahmednagar;;;;;;;;;;;;;;x;;;;;;;;;;;;;;
VDB_ADJ;Ahmednagarian;;;;;;;;;;;;;;x;;;;;;;;;;;;;;
NAG;Bijapur;;;;;;;;;;;;;;x;;;;;;;;;;;;;;
NAG_ADJ;Bijapurian;;;;;;;;;;;;;;x;;;;;;;;;;;;;;
BAS;Gondwana;;;;;;;;;;;;;;x;;;;;;;;;;;;;;
BAS_ADJ;Gondwanian;;;;;;;;;;;;;;x;;;;;;;;;;;;;;
BIH_colonial_company;Putna;;;;;;;;;;;;;;x;;;;;;;;;;;;;;
BNG_colonial_company;Gaur;;;;;;;;;;;;;;x;;;;;;;;;;;;;;
MNP_colonial_company;Manipur-Tripura;;;;;;;;;;;;;;x;;;;;;;;;;;;;; 
SUR;Sur Empire;;;;;;;;;;;;;;x;;;;;;;;;;;;;;
SUR_ADJ;Sur;;;;;;;;;;;;;;x;;;;;;;;;;;;;;
MUG;Sayyid Sultanate;;;;;;;;;;;;;;x;;;;;;;;;;;;;;
MUG_absolute_monarchy;Sayyid Sultanate;;;;;;;;;;;;x
MUG_hms_government;Sayyid Sultanate;;;;;;;;;;;;x
MUG_prussian_constitutionalism;Sayyid Sultanate;;;;;;;;;;;;x
MUG_ADJ;Sayyid;;;;;;;;;;;;;;x;;;;;;;;;;;;;;
NYK;Madurai;;;;;;;;;;;;;;x;;;;;;;;;;;;;;
NYK_ADJ;Nayakan;;;;;;;;;;;;;;x;;;;;;;;;;;;;;
TNJ;Tanjore;;;;;;;;;;;;;;x;;;;;;;;;;;;;;
TNJ_ADJ;Nayakan;;;;;;;;;;;;;;x;;;;;;;;;;;;;;
MDR;Madras;;;;;;;;;;;;;;x;;;;;;;;;;;;;;
MDR_ADJ;Nayakan;;;;;;;;;;;;;;x;;;;;;;;;;;;;;
VLL;Vellore;;;;;;;;;;;;;;x;;;;;;;;;;;;;;
VLL_ADJ;Nayakan;;;;;;;;;;;;;;x;;;;;;;;;;;;;;
KLD;Keladi;;;;;;;;;;;;;;x;;;;;;;;;;;;;;
KLD_ADJ;Nayakan;;;;;;;;;;;;;;x;;;;;;;;;;;;;;
ANK;Ankara;;;;;;;;;;;;;;x;;;;;;;;;;;;;;
ANK_ADJ;Ankaran;;;;;;;;;;;;;;x;;;;;;;;;;;;;;
BHN;Champassak;;;;;;;;;;;;;;x;;;;;;;;;;;;;;
BHN_ADJ;Champassakan;;;;;;;;;;;;;;x;;;;;;;;;;;;;;
TSI;Tambralinga;;;;;;;;;;;;;;x;;;;;;;;;;;;;;
TSI_ADJ;Tambralingan;;;;;;;;;;;;;;x;;;;;;;;;;;;;;
HYD;Golkonda;;;;;;;;;;;;;;x;;;;;;;;;;;;;;
HYD_ADJ;Golkondian;;;;;;;;;;;;;;x;;;;;;;;;;;;;;
HRP;Harinpujaya;;;;;;;;;;;;;;x;;;;;;;;;;;;;;
HRP_ADJ;Harinpujayan;;;;;;;;;;;;;;x;;;;;;;;;;;;;;
HTW;Hanthawaddy;;;;;;;;;;;;;;x;;;;;;;;;;;;;;
HTW_ADJ;Hanthawaddian;;;;;;;;;;;;;;x;;;;;;;;;;;;;;
RHN;Rohingya;;;;;;;;;;;;;;x;;;;;;;;;;;;;;
RHN_ADJ;Rohingyan;;;;;;;;;;;;;;x;;;;;;;;;;;;;;
SIA;Lavo Empire;;;;;;;;;;;;;;x;;;;;;;;;;;;;;
SIA_absolute_monarchy;Lavo Empire;;;;;;;;;;;;x
SIA_hms_government;Lavo Empire;;;;;;;;;;;;x
SIA_prussian_constitutionalism;Lavo Empire;;;;;;;;;;;;x
SIA_republic;Lavo Republic;;;;;;;;;;;;x
SIA_ADJ;Lavoc;;;;;;;;;;;;;;x;;;;;;;;;;;;;;
XBI;Qinghai;;;;;;;;;;;;;;x;;;;;;;;;;;;;;
XBI_absolute_monarchy;Tumed Khanate;;;;;;;;;;;;x
XBI_colonial_company;Tumed Khanate;;;;;;;;;;;;x
XBI_hms_government;Tumed Khanate;;;;;;;;;;;;x
XBI_prussian_constitutionalism;Tumed Khanate;;;;;;;;;;;;x
XBI_republic;Qinghai;;;;;;;;;;;;x
XBI_ADJ;Tumed;;;;;;;;;;;;;;x;;;;;;;;;;;;;;
KHR;Khorasan;;;;;;;;;;;;;;x;;;;;;;;;;;;;;
KHR_french_bourbon;Domains of Amir Qoli Khan;;;;;;;;;;;;;;x;;;;;;;;;;;;;;
KHR_absolute_monarchy;Khorasan;;;;;;;;;;;;x
KHR_colonial_company;Khorasan;;;;;;;;;;;;x
KHR_hms_government;Khorasan;;;;;;;;;;;;x
KHR_prussian_constitutionalism;Khorasan;;;;;;;;;;;;x
KHR_republic;Khorasan Republic;;;;;;;;;;;;x
KHR_presidential_dictatorship;City of Herat;;;;;;;;;;;;x
KHR_ADJ;Khorasani;;;;;;;;;;;;;;x;;;;;;;;;;;;;;
GLM;Halych;;;;;;;;;;;;;;x;;;;;;;;;;;;;;
GLM_absolute_monarchy;Halych;;;;;;;;;;;;x
GLM_colonial_company;Halych;;;;;;;;;;;;x
GLM_hms_government;Halych;;;;;;;;;;;;x
GLM_prussian_constitutionalism;Halych;;;;;;;;;;;;x
GLM_republic;Halych;;;;;;;;;;;;x
GLM_ADJ;Galician;;;;;;;;;;;;;;x;;;;;;;;;;;;;;
BUR;Burma;;;;;;;;;;;;;;x;;;;;;;;;;;;;;
BUR_absolute_monarchy;Ava;;;;;;;;;;;;x
BUR_hms_government;Ava;;;;;;;;;;;;x
BUR_prussian_constitutionalism;Ava;;;;;;;;;;;;x
BUR_ADJ;Avan;;;;;;;;;;;;;;x;;;;;;;;;;;;;;
MNK;Minsk;;;;;;;;;;;;;;x;;;;;;;;;;;;;;
MNK_ADJ;Minskian;;;;;;;;;;;;;;x;;;;;;;;;;;;;;
NOG;Uly-Noghai Khanate;;;;;;;;;;;;;;x;;;;;;;;;;;;;;
NOG_ADJ;Uly-Noghai;;;;;;;;;;;;;;x;;;;;;;;;;;;;;
PLK;Pleskov;;;;;;;;;;;;;;x;;;;;;;;;;;;;;
PLK_ADJ;Pleskovian;;;;;;;;;;;;;;x;;;;;;;;;;;;;;
TYM_absolute_monarchy;Tymyr Khanate;;;;;;;;;;;;;;x;;;;;;;;;;;;;;
TYM;Tymyr;;;;;;;;;;;;;;x;;;;;;;;;;;;;;
TYM_ADJ;Tymyr;;;;;;;;;;;;;;x;;;;;;;;;;;;;;
NNT;Nenetsia;;;;;;;;;;;;;;x;;;;;;;;;;;;;;
NNT_ADJ;Nenets;;;;;;;;;;;;;;x;;;;;;;;;;;;;;
YML;Yamalia;;;;;;;;;;;;;;x;;;;;;;;;;;;;;
YML_ADJ;Yamalian;;;;;;;;;;;;;;x;;;;;;;;;;;;;;
KHN;Khantia;;;;;;;;;;;;;;x;;;;;;;;;;;;;;
KHN_ADJ;Khantian;;;;;;;;;;;;;;x;;;;;;;;;;;;;;
SZE;Szekelerland;;;;;;;;;;;;;;x;;;;;;;;;;;;;;
SZE_colonial_company;Székelyföld;;;;;;;;;;;;;;x;;;;;;;;;;;;;;
SZE_ADJ;Szekely;;;;;;;;;;;;;;x;;;;;;;;;;;;;;
BSK;Ufa Khanate;;;;;;;;;;;;;;x;;;;;;;;;;;;;;
BSK_ADJ;Tatar;;;;;;;;;;;;;;x;;;;;;;;;;;;;;
MSS;Grand Duchy of Muscovy;;;;;;;;;;;;;;x;;;;;;;;;;;;;;
MSS_ADJ;Muscovite;;;;;;;;;;;;;;x;;;;;;;;;;;;;;
SLK;Selkupia;;;;;;;;;;;;;;x;;;;;;;;;;;;;;
SLK_ADJ;Selkup;;;;;;;;;;;;;;x;;;;;;;;;;;;;;
SHR;Shoria;;;;;;;;;;;;;;x;;;;;;;;;;;;;;
SHR_absolute_monarchy;Shor Khanate;;;;;;;;;;;;x
SHR_hms_government;Shor Khanate;;;;;;;;;;;;x
SHR_prussian_constitutionalism;Shor Khanate;;;;;;;;;;;;x
SHR_ADJ;Selkup;;;;;;;;;;;;;;x;;;;;;;;;;;;;;
SYN;Sayan;;;;;;;;;;;;;;x;;;;;;;;;;;;;;
SYN_absolute_monarchy;Sayan Uriankhai;;;;;;;;;;;;x
SYN_hms_government;Sayan Uriankhai;;;;;;;;;;;;x
SYN_prussian_constitutionalism;Sayan Uriankhai;;;;;;;;;;;;x
SYN_ADJ;Sayan;;;;;;;;;;;;;;x;;;;;;;;;;;;;;
YDN;Yedisan;;;;;;;;;;;;;;x;;;;;;;;;;;;;;
YDN_absolute_monarchy;Yedisan Khanate;;;;;;;;;;;;x
YDN_hms_government;Yedisan Khanate;;;;;;;;;;;;x
YDN_prussian_constitutionalism;Yedisan Khanate;;;;;;;;;;;;x
YDN_ADJ;Yedisanian;;;;;;;;;;;;;;x;;;;;;;;;;;;;;
RTH;Kyiv;;;;;;;;;;;;;;x;;;;;;;;;;;;;;
RTH_absolute_monarchy;Kyiv;;;;;;;;;;;;x
RTH_hms_government;Kyiv;;;;;;;;;;;;x
RTH_prussian_constitutionalism;Kyiv;;;;;;;;;;;;x
RTH_ADJ;Ruthenian;;;;;;;;;;;;;;x;;;;;;;;;;;;;;
KAZ;Kyrgyzstan;;;;;;;;;;;;;;x;;;;;;;;;;;;;;
KAZ_absolute_monarchy;Kyrgyzstan;;;;;;;;;;;;x
KAZ_hms_government;Kyrgyzstan;;;;;;;;;;;;x
KAZ_prussian_constitutionalism;Kyrgyzstan;;;;;;;;;;;;x
KAZ_ADJ;Kyrgyz;;;;;;;;;;;;;;x;;;;;;;;;;;;;;
KML;Dulat Zhuz;;;;;;;;;;;;;;x;;;;;;;;;;;;;;
KML_absolute_monarchy;Dulat Zhuz;;;;;;;;;;;;x
KML_hms_government;Dulat Zhuz;;;;;;;;;;;;x
KML_prussian_constitutionalism;Dulat Zhuz;;;;;;;;;;;;x
KML_ADJ;Dulati;;;;;;;;;;;;;;x;;;;;;;;;;;;;;
KML_conservative;Party of the Dulat Khan;;;;;;;;;;;;;;x;;;;;;;;;;;;;;
KML_liberal;Liberals;;;;;;;;;;;;;;x;;;;;;;;;;;;;;
KML_reactionary;Reactionaries;;;;;;;;;;;;;;x;;;;;;;;;;;;;;
KML_anarcho_liberal;Party of the Steppe;;;;;;;;;;;;;;x;;;;;;;;;;;;;;
KML_socialist;Socialists;;;;;;;;;;;;;;x;;;;;;;;;;;;;;
KML_communist;Communists;;;;;;;;;;;;;;x;;;;;;;;;;;;;;
KML_fascist;Yurt Party;;;;;;;;;;;;;;x;;;;;;;;;;;;;;
BGH;Volga Bulgharia;;;;;;;;;;;;;;x;;;;;;;;;;;;;;
BGH_absolute_monarchy;Bulghar Khanate;;;;;;;;;;;;x
BGH_hms_government;Bulghar Khanate;;;;;;;;;;;;x
BGH_prussian_constitutionalism;Bulghar Khanate;;;;;;;;;;;;x
BGH_ADJ;Bulghar;;;;;;;;;;;;;;x;;;;;;;;;;;;;;
DAI;Dai Viet;;;;;;;;;;;;;;x;;;;;;;;;;;;;;
DAI_absolute_monarchy;Dai Viet;;;;;;;;;;;;x
DAI_hms_government;Dai Viet;;;;;;;;;;;;x
DAI_prussian_constitutionalism;Dai Viet;;;;;;;;;;;;x
DAI_colonial_company;Dai Viet;;;;;;;;;;;;x
DAI_ADJ;Vietnamese;;;;;;;;;;;;;;x;;;;;;;;;;;;;;
KMY;Kumykistan;;;;;;;;;;;;;;x;;;;;;;;;;;;;;
KMY_absolute_monarchy;Kumyk Khanate;;;;;;;;;;;;x
KMY_hms_government;Kumyk Khanate;;;;;;;;;;;;x
KMY_prussian_constitutionalism;Kumyk Khanate;;;;;;;;;;;;x
KMY_colonial_company;Kumyk Khanate;;;;;;;;;;;;x
KMY_ADJ;Kumyk;;;;;;;;;;;;;;x;;;;;;;;;;;;;;
DAG;Avaristan;;;;;;;;;;;;;;x;;;;;;;;;;;;;;
DAG_absolute_monarchy;Avar Khanate;;;;;;;;;;;;x
DAG_hms_government;Avar Khanate;;;;;;;;;;;;x
DAG_prussian_constitutionalism;Avar Khanate;;;;;;;;;;;;x
DAG_colonial_company;Avar Khanate;;;;;;;;;;;;x
DAG_ADJ;Avar;;;;;;;;;;;;;;x;;;;;;;;;;;;;;
GMZ;Dagestan;;;;;;;;;;;;;;x;;;;;;;;;;;;;;
GMZ_absolute_monarchy;Gazikumukh Khanate;;;;;;;;;;;;x
GMZ_hms_government;Gazikumukh Khanate;;;;;;;;;;;;x
GMZ_prussian_constitutionalism;Gazikumukh Khanate;;;;;;;;;;;;x
GMZ_colonial_company;Gazikumukh Khanate;;;;;;;;;;;;x
GMZ_ADJ;Dagestani;;;;;;;;;;;;;;x;;;;;;;;;;;;;;
KCN;Arzakh;;;;;;;;;;;;;;x;;;;;;;;;;;;;;
KCN_absolute_monarchy;Melikdom of Khachen;;;;;;;;;;;;x
KCN_hms_government;Melikdom of Khachen;;;;;;;;;;;;x
KCN_prussian_constitutionalism;Melikdom of Khachen;;;;;;;;;;;;x
KCN_colonial_company;Melikdom of Khachen;;;;;;;;;;;;x
KCN_ADJ;Khachenian;;;;;;;;;;;;;;x;;;;;;;;;;;;;;
HNZ;Hunza;;;;;;;;;;;;;;x;;;;;;;;;;;;;;
HNZ_ADJ;Burushaskian;;;;;;;;;;;;;;x;;;;;;;;;;;;;;
LIT_absolute_monarchy;Grand Duchy of Lithuania;;;;;;;;;;;;x
LIT_hms_government;Grand Duchy of Lithuania;;;;;;;;;;;;x
LIT_prussian_constitutionalism;Grand Duchy of Lithuania;;;;;;;;;;;;x
BEL_absolute_monarchy;Kingdom of Belgica;;;;;;;;;;;;x
BEL_hms_government;Kingdom of Belgica;;;;;;;;;;;;x
BEL_prussian_constitutionalism;Kingdom of Belgica;;;;;;;;;;;;x
BEL_democracy;Belgica;;;;;;;;;;;;x
BEL;Belgica;;;;;;;;;;;;x
NET_absolute_monarchy;Holland;;;;;;;;;;;;x
NET_hms_government;Holland;;;;;;;;;;;;x
NET_prussian_constitutionalism;Holland;;;;;;;;;;;;x
NET_democracy;Holland;;;;;;;;;;;;x
NET;Holland;;;;;;;;;;;;x
NET_ADJ;Hollandish;;;;;;;;;;;;x
GRI;Guria;;;;;;;;;;;;;;x;;;;;;;;;;;;;;
GRI_colonial_company;Duchy of Guria;;;;;;;;;;;;;x;;;;;;;;;;;;;;
GRI_absolute_monarchy;Guria;;;;;;;;;;;;x
GRI_hms_government;Guria;;;;;;;;;;;;x
GRI_prussian_constitutionalism;Guria;;;;;;;;;;;;x
GRI_ADJ;Gurian;;;;;;;;;;;;;;x;;;;;;;;;;;;;;
IMR;Imereti;;;;;;;;;;;;;;x;;;;;;;;;;;;;;
IMR_colonial_company;Kingdom of Imereti;;;;;;;;;;;;x
IMR_absolute_monarchy;Imereti;;;;;;;;;;;;x
IMR_hms_government;Imereti;;;;;;;;;;;;x
IMR_prussian_constitutionalism;Imereti;;;;;;;;;;;;x
IMR_ADJ;Imeretian;;;;;;;;;;;;;;x;;;;;;;;;;;;;;
SMZ;Samtskhe;;;;;;;;;;;;;;x;;;;;;;;;;;;;;
SMZ_colonial_company;Kingdom of Samtskhe;;;;;;;;;;;;x
SMZ_absolute_monarchy;Samtskhe;;;;;;;;;;;;x
SMZ_hms_government;Samtskhe;;;;;;;;;;;;x
SMZ_prussian_constitutionalism;Samtskhe;;;;;;;;;;;;x
SMZ_ADJ;Samtskhian;;;;;;;;;;;;;;x;;;;;;;;;;;;;;
KRT;Kartli;;;;;;;;;;;;;;x;;;;;;;;;;;;;;
KRT_colonial_company;Kingdom of Kartli;;;;;;;;;;;;x
KRT_absolute_monarchy;Kartli;;;;;;;;;;;;x
KRT_hms_government;Kartli;;;;;;;;;;;;x
KRT_prussian_constitutionalism;Kartli;;;;;;;;;;;;x
KRT_ADJ;Kartlian;;;;;;;;;;;;;;x;;;;;;;;;;;;;;
KKH;Kakheti;;;;;;;;;;;;;;x;;;;;;;;;;;;;;
KKH_colonial_company;Kingdom of Kakheti;;;;;;;;;;;;x
KKH_absolute_monarchy;Kakheti;;;;;;;;;;;;x
KKH_hms_government;Kakheti;;;;;;;;;;;;x
KKH_prussian_constitutionalism;Kakheti;;;;;;;;;;;;x
KKH_ADJ;Kakhetian;;;;;;;;;;;;;;x;;;;;;;;;;;;;;
IRV;Irevan;;;;;;;;;;;;;;x;;;;;;;;;;;;;;
IRV_colonial_company;Khanate of Irevan;;;;;;;;;;;;x
IRV_absolute_monarchy;Khanate of Irevan;;;;;;;;;;;;x
IRV_hms_government;Khanate of Irevan;;;;;;;;;;;;x
IRV_prussian_constitutionalism;Khanate of Irevan;;;;;;;;;;;;x
IRV_ADJ;Irevani;;;;;;;;;;;;;;x;;;;;;;;;;;;;;
NKH;Nakhchivan;;;;;;;;;;;;;;x;;;;;;;;;;;;;;
NKH_colonial_company;Khanate of  Nakhchivan;;;;;;;;;;;;x
NKH_absolute_monarchy;Khanate of  Nakhchivan;;;;;;;;;;;;x
NKH_hms_government;Khanate of  Nakhchivan;;;;;;;;;;;;x
NKH_prussian_constitutionalism;Khanate of Nakhchivan;;;;;;;;;;;;x
NKH_ADJ;Nakhchivani;;;;;;;;;;;;;;x;;;;;;;;;;;;;;
KRB;Karabagh;;;;;;;;;;;;;;x;;;;;;;;;;;;;;
KRB_colonial_company;Khanate of Karabagh;;;;;;;;;;;;x
KRB_absolute_monarchy;Khanate of Karabagh;;;;;;;;;;;;x
KRB_hms_government;Khanate of Karabagh;;;;;;;;;;;;x
KRB_prussian_constitutionalism;Khanate of Karabagh;;;;;;;;;;;;x
KRB_ADJ;Karabaghi;;;;;;;;;;;;;;x;;;;;;;;;;;;;;
GNJ;Ganjeh;;;;;;;;;;;;;;x;;;;;;;;;;;;;;
GNJ_absolute_monarchy;Khanate of Ganjeh;;;;;;;;;;;;x
GNJ_hms_government;Khanate of Ganjeh;;;;;;;;;;;;x
GNJ_prussian_constitutionalism;Khanate of Ganjeh;;;;;;;;;;;;x
GNJ_ADJ;Ganjeh;;;;;;;;;;;;;;x;;;;;;;;;;;;;;
TTN;Tatistan;;;;;;;;;;;;;;x;;;;;;;;;;;;;;
TTN_colonial_company;Shahdom of Shirvan;;;;;;;;;;;;x
TTN_absolute_monarchy;Shirvan;;;;;;;;;;;;x
TTN_hms_government;Shirvan;;;;;;;;;;;;x
TTN_prussian_constitutionalism;Shirvan;;;;;;;;;;;;x
TTN_ADJ;Tat;;;;;;;;;;;;;;x;;;;;;;;;;;;;;
TLY;Talyshistan;;;;;;;;;;;;;;x;;;;;;;;;;;;;;
TLY_absolute_monarchy;Talysh Khanate;;;;;;;;;;;;x
TLY_hms_government;Talysh Khanate;;;;;;;;;;;;x
TLY_prussian_constitutionalism;Talysh Khanate;;;;;;;;;;;;x
TLY_ADJ;Talysh;;;;;;;;;;;;;;x;;;;;;;;;;;;;;
MKU;Maku;;;;;;;;;;;;;;x;;;;;;;;;;;;;;
MKU_colonial_company;Khanate of Maku;;;;;;;;;;;;x
MKU_absolute_monarchy;Khanate of Maku;;;;;;;;;;;;x
MKU_hms_government;Khanate of Maku;;;;;;;;;;;;x
MKU_prussian_constitutionalism;Khanate of Maku;;;;;;;;;;;;x
MKU_ADJ;Makuyan;;;;;;;;;;;;;;x;;;;;;;;;;;;;;
FRS;Zohrabids;;;;;;;;;;;;;;x;;;;;;;;;;;;;;
FRS_colonial_company;Fars Vilayat;;;;;;;;;;;;;;x;;;;;;;;;;;;;;
FRS_absolute_monarchy;Zohrabid Empire;;;;;;;;;;;;x
FRS_hms_government;Zohrabid Empire;;;;;;;;;;;;x
FRS_prussian_constitutionalism;Zohrabid Empire;;;;;;;;;;;;x
FRS_ADJ;Zohrabi;;;;;;;;;;;;;;x;;;;;;;;;;;;;;
AZB_french_bourbon;Domains of Firuz Mirza;;;;;;;;;;;;x
BUK_french_bourbon;Domains of Salim Babur;;;;;;;;;;;;x
AJM;Ajam;;;;;;;;;;;;;;x;;;;;;;;;;;;;;
AJM_absolute_monarchy;Ajam;;;;;;;;;;;;x
AJM_french_bourbon;Domains of Abu Sa'id Mirza;;;;;;;;;;;;x
AJM_hms_government;Ajam;;;;;;;;;;;;x
AJM_prussian_constitutionalism;Ajam;;;;;;;;;;;;x
AJM_ADJ;Ajami;;;;;;;;;;;;;;x;;;;;;;;;;;;;;
YZD;Rustamids;;;;;;;;;;;;;;x;;;;;;;;;;;;;;
YZD_absolute_monarchy;Rustamids;;;;;;;;;;;;x
YZD_hms_government;Rustamids;;;;;;;;;;;;x
YZD_prussian_constitutionalism;Rustamids;;;;;;;;;;;;x
YZD_ADJ;Rustamid;;;;;;;;;;;;;;x;;;;;;;;;;;;;;
HSR;Hissar Bekdom;;;;;;;;;;;;;;x;;;;;;;;;;;;;;
HSR_absolute_monarchy;Hissar Bekdom;;;;;;;;;;;;x
HSR_hms_government;Hissar Bekdom;;;;;;;;;;;;x
HSR_prussian_constitutionalism;Hissar Bekdom;;;;;;;;;;;;x
HSR_ADJ;Hissari;;;;;;;;;;;;;;x;;;;;;;;;;;;;;
TAJ;Darvaz Bekdom;;;;;;;;;;;;;;x;;;;;;;;;;;;;;
TAJ_absolute_monarchy;Darvaz Bekdom;;;;;;;;;;;;x
TAJ_hms_government;Darvaz Bekdom;;;;;;;;;;;;x
TAJ_prussian_constitutionalism;Darvaz Bekdom;;;;;;;;;;;;x
TAJ_ADJ;Darvazi;;;;;;;;;;;;;;x;;;;;;;;;;;;;;
RSH;Shighnan Bekdom;;;;;;;;;;;;;;x;;;;;;;;;;;;;;
RSH_absolute_monarchy;Shighnan Bekdom;;;;;;;;;;;;x
RSH_hms_government;Shighnan Bekdom;;;;;;;;;;;;x
RSH_prussian_constitutionalism;Shighnan Bekdom;;;;;;;;;;;;x
RSH_ADJ;Shighnani;;;;;;;;;;;;;;x;;;;;;;;;;;;;;
WKH;Wakhan Bekdom;;;;;;;;;;;;;;x;;;;;;;;;;;;;;
WKH_absolute_monarchy;Wakhan Bekdom;;;;;;;;;;;;x
WKH_hms_government;Wakhan Bekdom;;;;;;;;;;;;x
WKH_prussian_constitutionalism;Wakhan Bekdom;;;;;;;;;;;;x
WKH_ADJ;Wakhani;;;;;;;;;;;;;;x;;;;;;;;;;;;;;
KSN;Kohistan;;;;;;;;;;;;;;x;;;;;;;;;;;;;;
KSN_colonial_company;Yusufzai Amirdom;;;;;;;;;;;;x
KSN_absolute_monarchy;Yusufzai Amirdom;;;;;;;;;;;;x
KSN_hms_government;Yusufzai Amirdom;;;;;;;;;;;;x
KSN_prussian_constitutionalism;Yusufzai Amirdom;;;;;;;;;;;;x
KSN_ADJ;Kohistani;;;;;;;;;;;;;;x;;;;;;;;;;;;;;
KFR;Kafirestan;;;;;;;;;;;;;;x;;;;;;;;;;;;;;
KFR_ADJ;Kafirestani;;;;;;;;;;;;;;x;;;;;;;;;;;;;;
GLG;Gilgit;;;;;;;;;;;;;;x;;;;;;;;;;;;;;
GLG_ADJ;Gilgiti;;;;;;;;;;;;;;x;;;;;;;;;;;;;;
LUR;Luristan;;;;;;;;;;;;;;x;;;;;;;;;;;;;;
LUR_colonial_company:Khorshidis;;;;;;;;;;;;x
LUR_absolute_monarchy;Khorshidis;;;;;;;;;;;;x
LUR_hms_government;Khorshidis;;;;;;;;;;;;x
LUR_prussian_constitutionalism;Khorshidis;;;;;;;;;;;;x
LUR_colonial_company_ADJ:Khorshidi;;;;;;;;;;;;x
LUR_absolute_monarchy_ADJ;Khorshidi;;;;;;;;;;;;x
LUR_hms_government_ADJ;Khorshidi;;;;;;;;;;;;x
LUR_prussian_constitutionalism_ADJ;Khorshidi;;;;;;;;;;;;x
LUR_ADJ;Lurish;;;;;;;;;;;;;;x;;;;;;;;;;;;;;
GLN;Gilan;;;;;;;;;;;;;;x;;;;;;;;;;;;;;
GLN_colonial_company;Ishaqvands;;;;;;;;;;;;;;x;;;;;;;;;;;;;;
GLN_absolute_monarchy;Ishaqvands;;;;;;;;;;;;x
GLN_hms_government;Ishaqvands;;;;;;;;;;;;x
GLN_prussian_constitutionalism;Ishaqvands;;;;;;;;;;;;x
GLN_colonial_company_ADJ;Ishaqvandi;;;;;;;;;;;;;;x;;;;;;;;;;;;;;
GLN_absolute_monarchy_ADJ;Ishaqvandi;;;;;;;;;;;;x
GLN_hms_government_ADJ;Ishaqvandi;;;;;;;;;;;;x
GLN_prussian_constitutionalism_ADJ;Ishaqvandi;;;;;;;;;;;;x
GLN_ADJ;Gilaki;;;;;;;;;;;;;;x;;;;;;;;;;;;;;
MZN;Mazandaran;;;;;;;;;;;;;;x;;;;;;;;;;;;;;
MZN_colonial_company;Mar'ashids;;;;;;;;;;;;;;x;;;;;;;;;;;;;;
MZN_absolute_monarchy;Mar'ashids;;;;;;;;;;;;x
MZN_hms_government;Mar'ashids;;;;;;;;;;;;x
MZN_prussian_constitutionalism;Mar'ashids;;;;;;;;;;;;x
MZN_colonial_company_ADJ;Mar'ashi;;;;;;;;;;;;;;x;;;;;;;;;;;;;;
MZN_absolute_monarchy_ADJ;Mar'ashi;;;;;;;;;;;;x
MZN_hms_government_ADJ;Mar'ashi;;;;;;;;;;;;x
MZN_prussian_constitutionalism_ADJ;Mar'ashi;;;;;;;;;;;;x
MZN_ADJ;Mazandarani;;;;;;;;;;;;;;x;;;;;;;;;;;;;;
KND;Maymaneh;;;;;;;;;;;;;;x;;;;;;;;;;;;;;
KND_absolute_monarchy;Maymaneh Khanate;;;;;;;;;;;;x
KND_hms_government;Maymaneh Khanate;;;;;;;;;;;;x
KND_prussian_constitutionalism;Maymaneh Khanate;;;;;;;;;;;;x
KND_ADJ;Uzbek;;;;;;;;;;;;;;x;;;;;;;;;;;;;;
BDK;Badakhshan;;;;;;;;;;;;;;x;;;;;;;;;;;;;;
BDK_absolute_monarchy;Badakhshan Khanate;;;;;;;;;;;;x
BDK_hms_government;Badakhshan Khanate;;;;;;;;;;;;x
BDK_prussian_constitutionalism;Badakhshan Khanate;;;;;;;;;;;;x
BDK_ADJ;Badakhshani;;;;;;;;;;;;;;x;;;;;;;;;;;;;;
SST;Sistan;;;;;;;;;;;;;;x;;;;;;;;;;;;;;
SST_colonial_company;Mihrabanids;;;;;;;;;;;;x
SST_absolute_monarchy;Mihrabanids;;;;;;;;;;;;x
SST_hms_government;Mihrabanids;;;;;;;;;;;x
SST_prussian_constitutionalism;Mihrabanids;;;;;;;;;;;;x+
SST_colonial_company_ADJ;Mihrabani;;;;;;;;;;;;x
SST_absolute_monarchy_ADJ;Mihrabani;;;;;;;;;;;;x
SST_hms_government_ADJ;Mihrabani;;;;;;;;;;;x
SST_prussian_constitutionalism_ADJ;Mihrabani;;;;;;;;;;;;x
SST_ADJ;Sistani;;;;;;;;;;;;;;x;;;;;;;;;;;;;;
MFQ;al-Muntafiq;;;;;;;;;;;;;;x;;;;;;;;;;;;;;
MFQ_colonial_company;al-Muntafiq;;;;;;;;;;;;x
MFQ_absolute_monarchy;al-Muntafiq;;;;;;;;;;;;x
MFQ_hms_government;al-Muntafiq;;;;;;;;;;;x
MFQ_prussian_constitutionalism;al-Muntafiq;;;;;;;;;;;;x
MFQ_ADJ;Muntafiq;;;;;;;;;;;;x
IRQ;Iraq;;;;;;;;;;;;;;x;;;;;;;;;;;;;;
IRQ_colonial_company;Baghdad Vilayat;;;;;;;;;;;;x
IRQ_french_bourbon;Domains of Soltan Ahmad ed-Din;;;;;;;;;;;;x
IRQ_absolute_monarchy;Iraq;;;;;;;;;;;;x
IRQ_hms_government;Iraq;;;;;;;;;;;x
IRQ_prussian_constitutionalism;Iraq;;;;;;;;;;;;x
IRQ_ADJ;Iraq;;;;;;;;;;;;x
TKM;Turkmenistan;;;;;;;;;;;;;;x;;;;;;;;;;;;;;
TKM_colonial_company;Yomuds;;;;;;;;;;;;x
TKM_absolute_monarchy;Yomuds;;;;;;;;;;;;x
TKM_hms_government;Yomuds;;;;;;;;;;;x
TKM_prussian_constitutionalism;Yomuds;;;;;;;;;;;;x
TKM_colonial_company_ADJ;Yomud;;;;;;;;;;;;x
TKM_absolute_monarchy_ADJ;Yomud;;;;;;;;;;;;x
TKM_hms_government_ADJ;Yomud;;;;;;;;;;;x
TKM_prussian_constitutionalism_ADJ;Yomud;;;;;;;;;;;;x
TKM_ADJ;Turkmen;;;;;;;;;;;;;;x;;;;;;;;;;;;;;
KHZ;Khuzestan;;;;;;;;;;;;;;x;;;;;;;;;;;;;;
KHZ_colonial_company;Emirate of Arabistan;;;;;;;;;;;;x
KHZ_absolute_monarchy;Banu Ka'ab;;;;;;;;;;;;x
KHZ_hms_government;Banu Ka'ab;;;;;;;;;;;x
KHZ_prussian_constitutionalism;Banu Ka'ab;;;;;;;;;;;;x
KHZ_colonial_company_ADJ;Ka'abi;;;;;;;;;;;;x
KHZ_absolute_monarchy_ADJ;Ka'abi;;;;;;;;;;;;x
KHZ_hms_government_ADJ;Ka'abi;;;;;;;;;;;x
KHZ_prussian_constitutionalism_ADJ;Ka'abi;;;;;;;;;;;;x
KHZ_ADJ;Khuzi;;;;;;;;;;;;;;x;;;;;;;;;;;;;;
BLA;Bela;;;;;;;;;;;;;;x;;;;;;;;;;;;;;
BLA_absolute_monarchy;Bela;;;;;;;;;;;;x
BLA_hms_government;Bela;;;;;;;;;;;;x
BLA_prussian_constitutionalism;Bela;;;;;;;;;;;;x
BLA_ADJ;Bela;;;;;;;;;;;;;;x;;;;;;;;;;;;;;
PER;Iran;;;;;;;;;;;;;;x;;;;;;;;;;;;;;
PER_absolute_monarchy;Shahdom of Iran;;;;;;;;;;;;x
PER_hms_government;Shahdom of Iran;;;;;;;;;;;;x
PER_prussian_constitutionalism;Shahdom of Iran;;;;;;;;;;;;x
PER_republic;Dschomhuri-ye Iran;;;;;;;;;;;;x
PER_ADJ;Iranian;;;;;;;;;;;;;;x;;;;;;;;;;;;;;
TKO;Tourkistan;;;;;;;;;;;;;;x;;;;;;;;;;;;;;
TKO_absolute_monarchy;Turkoman Empire;;;;;;;;;;;;x
TKO_hms_government;Turkoman Empire;;;;;;;;;;;;x
TKO_prussian_constitutionalism;Turkoman Empire;;;;;;;;;;;;x
TKO_republic;Tourkistan;;;;;;;;;;;;x
TKO_ADJ;Turkoman;;;;;;;;;;;;;;x;;;;;;;;;;;;;;
CZH;Sorbia;;;;;;;;;;;;;;x;;;;;;;;;;;;;;
CZH_absolute_monarchy;Sorbia;;;;;;;;;;;;x
CZH_hms_government;Sorbia;;;;;;;;;;;;x
CZH_prussian_constitutionalism;Sorbia;;;;;;;;;;;;x
CZH_republic;Republic of Sorbia;;;;;;;;;;;;x
CZH_ADJ;Sorbia;;;;;;;;;;;;;;x;;;;;;;;;;;;;;
WSX_ADJ;Wessexian;Wessexian;Wessexian;;;;;;;;;;;x;
WSX;Wessex;Wessex;Wessex;;;;;;;;;;;x;
WSX_proletarian_dictatorship;Wessex;Wessex;Wessex;;;;;;;;;;;x;
WSX_presidential_dictatorship;Wessex;Wessex;Wessex;;;;;;;;;;;x;
WSX_bourgeois_dictatorship;Wessex;Wessex;Wessex;;;;;;;;;;;x;
WSX_fascist_dictatorship;Wessex;Wessex;Wessex;;;;;;;;;;;x;
WSX_absolute_monarchy;Wessex;Wessex;Wessex;;;;;;;;;;;x;
WSX_prussian_constitutionalism;Wessex;Wessex;Wessex;;;;;;;;;;;x;
WSX_hms_government;Wessex;Wessex;Wessex;;;;;;;;;;;x;
WSX_democracy;Wessex;Wessex;Wessex;;;;;;;;;;;x;
WSX_conservative_92;Conservatives;Conservatives;Conservatives;;;;;;;;;;;x;
WSX_liberal_79;Liberals;Liberals;Liberals;;;;;;;;;;;x;
WSX_liberal_87;National Liberals;National Liberals;National Liberals;;;;;;;;;;;x;
WSX_socialist_85;Socialists;Socialists;Socialists;;;;;;;;;;;x;
WSX_socialist_99;National Socialists;National Socialists;National Socialists;;;;;;;;;;;x;
WSX_reactionary_84;Monarchy Leadership;Monarchy Leadership;Monarchy Leadership;;;;;;;;;;;x;
WSX_anarcho_liberal_93;Radical Liberals;Radical Liberals;Radical Liberals;;;;;;;;;;;x;
WSX_communist_86;Communists;Communists;Communists;;;;;;;;;;;x;
WSX_fascist_72;Fascists;Fascists;Fascists;;;;;;;;;;;x;
SUX_ADJ;Sussex;Sussex;Sussex;;;;;;;;;;;x;
SUX;Sussex;Sussex;Sussex;;;;;;;;;;;x;
SUX_proletarian_dictatorship;Sussex;Sussex;Sussex;;;;;;;;;;;x;
SUX_presidential_dictatorship;Sussex;Sussex;Sussex;;;;;;;;;;;x;
SUX_bourgeois_dictatorship;Sussex;Sussex;Sussex;;;;;;;;;;;x;
SUX_fascist_dictatorship;Sussex;Sussex;Sussex;;;;;;;;;;;x;
SUX_absolute_monarchy;Sussex;Sussex;Sussex;;;;;;;;;;;x;
SUX_prussian_constitutionalism;Sussex;Sussex;Sussex;;;;;;;;;;;x;
SUX_hms_government;Sussex;Sussex;Sussex;;;;;;;;;;;x;
SUX_democracy;Sussex;Sussex;Sussex;;;;;;;;;;;x;
SUX_conservative_92;Conservatives;Conservatives;Conservatives;;;;;;;;;;;x;
SUX_liberal_79;Liberals;Liberals;Liberals;;;;;;;;;;;x;
SUX_liberal_87;National Liberals;National Liberals;National Liberals;;;;;;;;;;;x;
SUX_socialist_85;Socialists;Socialists;Socialists;;;;;;;;;;;x;
SUX_socialist_99;National Socialists;National Socialists;National Socialists;;;;;;;;;;;x;
SUX_reactionary_84;Monarchy Leadership;Monarchy Leadership;Monarchy Leadership;;;;;;;;;;;x;
SUX_anarcho_liberal_93;Radical Liberals;Radical Liberals;Radical Liberals;;;;;;;;;;;x;
SUX_communist_86;Communists;Communists;Communists;;;;;;;;;;;x;
SUX_fascist_72;Fascists;Fascists;Fascists;;;;;;;;;;;x;
MRC_ADJ;Mercian;Mercian;Mercian;;;;;;;;;;;x;
MRC;Mercia;Mercia;Mercia;;;;;;;;;;;x;
MRC_proletarian_dictatorship;Mercia;Mercia;Mercia;;;;;;;;;;;x;
MRC_presidential_dictatorship;Mercia;Mercia;Mercia;;;;;;;;;;;x;
MRC_bourgeois_dictatorship;Mercia;Mercia;Mercia;;;;;;;;;;;x;
MRC_fascist_dictatorship;Mercia;Mercia;Mercia;;;;;;;;;;;x;
MRC_absolute_monarchy;Mercia;Mercia;Mercia;;;;;;;;;;;x;
MRC_prussian_constitutionalism;Mercia;Mercia;Mercia;;;;;;;;;;;x;
MRC_hms_government;Mercia;Mercia;Mercia;;;;;;;;;;;x;
MRC_democracy;Mercia;Mercia;Mercia;;;;;;;;;;;x;
MRC_conservative_92;Conservatives;Conservatives;Conservatives;;;;;;;;;;;x;
MRC_liberal_79;Liberals;Liberals;Liberals;;;;;;;;;;;x;
MRC_liberal_87;National Liberals;National Liberals;National Liberals;;;;;;;;;;;x;
MRC_socialist_85;Socialists;Socialists;Socialists;;;;;;;;;;;x;
MRC_socialist_99;National Socialists;National Socialists;National Socialists;;;;;;;;;;;x;
MRC_reactionary_84;Monarchy Leadership;Monarchy Leadership;Monarchy Leadership;;;;;;;;;;;x;
MRC_anarcho_liberal_93;Radical Liberals;Radical Liberals;Radical Liberals;;;;;;;;;;;x;
MRC_communist_86;Communists;Communists;Communists;;;;;;;;;;;x;
MRC_fascist_72;Fascists;Fascists;Fascists;;;;;;;;;;;x;
ESX_ADJ;Essexian;Essexian;Essexian;;;;;;;;;;;x;
ESX;Essex;Essex;Essex;;;;;;;;;;;x;
ESX_proletarian_dictatorship;Essex;Essex;Essex;;;;;;;;;;;x;
ESX_presidential_dictatorship;Essex;Essex;Essex;;;;;;;;;;;x;
ESX_bourgeois_dictatorship;Essex;Essex;Essex;;;;;;;;;;;x;
ESX_fascist_dictatorship;Essex;Essex;Essex;;;;;;;;;;;x;
ESX_absolute_monarchy;Essex;Essex;Essex;;;;;;;;;;;x;
ESX_prussian_constitutionalism;Essex;Essex;Essex;;;;;;;;;;;x;
ESX_hms_government;Essex;Essex;Essex;;;;;;;;;;;x;
ESX_democracy;Essex;Essex;Essex;;;;;;;;;;;x;
ESX_conservative_92;Conservatives;Conservatives;Conservatives;;;;;;;;;;;x;
ESX_liberal_79;Liberals;Liberals;Liberals;;;;;;;;;;;x;
ESX_liberal_87;National Liberals;National Liberals;National Liberals;;;;;;;;;;;x;
ESX_socialist_85;Socialists;Socialists;Socialists;;;;;;;;;;;x;
ESX_socialist_99;National Socialists;National Socialists;National Socialists;;;;;;;;;;;x;
ESX_reactionary_84;Monarchy Leadership;Monarchy Leadership;Monarchy Leadership;;;;;;;;;;;x;
ESX_anarcho_liberal_93;Radical Liberals;Radical Liberals;Radical Liberals;;;;;;;;;;;x;
ESX_communist_86;Communists;Communists;Communists;;;;;;;;;;;x;
ESX_fascist_72;Fascists;Fascists;Fascists;;;;;;;;;;;x;
KNT_ADJ;Kentian;Kentian;Kentian;;;;;;;;;;;x;
KNT;Kent;Kent;Kent;;;;;;;;;;;x;
KNT_proletarian_dictatorship;Kent;Kent;Kent;;;;;;;;;;;x;
KNT_presidential_dictatorship;Kent;Kent;Kent;;;;;;;;;;;x;
KNT_bourgeois_dictatorship;Kent;Kent;Kent;;;;;;;;;;;x;
KNT_fascist_dictatorship;Kent;Kent;Kent;;;;;;;;;;;x;
KNT_absolute_monarchy;Kent;Kent;Kent;;;;;;;;;;;x;
KNT_prussian_constitutionalism;Kent;Kent;Kent;;;;;;;;;;;x;
KNT_hms_government;Kent;Kent;Kent;;;;;;;;;;;x;
KNT_democracy;Kent;Kent;Kent;;;;;;;;;;;x;
KNT_conservative_92;Conservatives;Conservatives;Conservatives;;;;;;;;;;;x;
KNT_liberal_79;Liberals;Liberals;Liberals;;;;;;;;;;;x;
KNT_liberal_87;National Liberals;National Liberals;National Liberals;;;;;;;;;;;x;
KNT_socialist_85;Socialists;Socialists;Socialists;;;;;;;;;;;x;
KNT_socialist_99;National Socialists;National Socialists;National Socialists;;;;;;;;;;;x;
KNT_reactionary_84;Monarchy Leadership;Monarchy Leadership;Monarchy Leadership;;;;;;;;;;;x;
KNT_anarcho_liberal_93;Radical Liberals;Radical Liberals;Radical Liberals;;;;;;;;;;;x;
KNT_communist_86;Communists;Communists;Communists;;;;;;;;;;;x;
KNT_fascist_72;Fascists;Fascists;Fascists;;;;;;;;;;;x;
ENG;Jorvik;Jorvik;Jorvik;;;;;;;;;;;x;
ENG_ADJ;Jorvik;Jorvik;Jorvik;;;;;;;;;;;x;
ENG_proletarian_dictatorship;Jorvik Commonwealth;Jorvik Commonwealth;Jorvik Commonwealth;;;;;;;;;;;x;
ENG_presidential_dictatorship;Republic of Jorvik;Republic of Jorvik;Republic of Jorvik;;;;;;;;;;;x;
ENG_bourgeois_dictatorship;Republic of Jorvik;Republic of Jorvik;Republic of Jorvik;;;;;;;;;;;x;
ENG_fascist_dictatorship;Republic of Jorvik;Republic of Jorvik;Republic of Jorvik;;;;;;;;;;;x;
ENG_absolute_monarchy;Kingdom of Jorvik;Kingdom of Jorvik;Kingdom of Jorvik;;;;;;;;;;;x;
ENG_prussian_constitutionalism;Kingdom of Jorvik;Kingdom of Jorvik;Kingdom of Jorvik;;;;;;;;;;;x;
ENG_hms_government;Kingdom of Jorvik;Kingdom of Jorvik;Kingdom of Jorvik;;;;;;;;;;;x;
ENG_democracy;Republic of Jorvik;Republic of Jorvik;Republic of Jorvik;;;;;;;;;;;x;
ALH;Al-Ahsa;;;;;;;;;;;;;;x;;;;;;;;;;;;;;
ALH_absolute_monarchy;Al-Ahsa;;;;;;;;;;;;x
ALH_hms_government;Al-Ahsa;;;;;;;;;;;;x
ALH_prussian_constitutionalism;Al-Ahsa;;;;;;;;;;;;x
ALH_republic;Al-Ahsa;;;;;;;;;;;;x
ALH_ADJ;Ahsan;;;;;;;;;;;;;;x;;;;;;;;;;;;;;
TKS;Turan;;;;;;;;;;;;;;x;;;;;;;;;;;;;;
TKS_ADJ;Turanian;;;;;;;;;;;;;;x;;;;;;;;;;;;;;
MDS;Medistan;;;;;;;;;;;;;;x;;;;;;;;;;;;;;
MDS_absolute_monarchy;Median Empire;;;;;;;;;;;;x
MDS_hms_government;Median Empire;;;;;;;;;;;;x
MDS_prussian_constitutionalism;Median Empire;;;;;;;;;;;;x
MDS_republic;Medistan;;;;;;;;;;;;x
MDS_ADJ;Median;;;;;;;;;;;;;;x;;;;;;;;;;;;;;
RUM;Anatolia;;;;;;;;;;;;;;x;;;;;;;;;;;;;;
RUM_absolute_monarchy;Rum Sultanate;;;;;;;;;;;;x
RUM_hms_government;Rum Sultanate;;;;;;;;;;;;x
RUM_prussian_constitutionalism;Rum Sultanate;;;;;;;;;;;;x
RUM_republic;Anatolia;;;;;;;;;;;;x
RUM_ADJ;Rumi;;;;;;;;;;;;;;x;;;;;;;;;;;;;;
TCA;UNC;;;;;;;;;;;;;;x;;;;;;;;;;;;;;
TCA_absolute_monarchy;Caucasian Imamate;;;;;;;;;;;;x
TCA_hms_government;Caucasian Imamate;;;;;;;;;;;;x
TCA_prussian_constitutionalism;Caucasian Imamate;;;;;;;;;;;;x
TCA_republic;UNC;;;;;;;;;;;;x
TCA_ADJ;Caucasian;;;;;;;;;;;;;;x;;;;;;;;;;;;;;
ALW;Aghwank;;;;;;;;;;;;;;x;;;;;;;;;;;;;;
ALW_ADJ;Aghwank;;;;;;;;;;;;;;x;;;;;;;;;;;;;;
GJR;Gujarat;;;;;;;;;;;;;;x;;;;;;;;;;;;;;
GJR_ADJ;Gujarati;;;;;;;;;;;;;;x;;;;;;;;;;;;;;
DCC;Deccan;;;;;;;;;;;;;;x;;;;;;;;;;;;;;
DCC_ADJ;Deccani;;;;;;;;;;;;;;x;;;;;;;;;;;;;;
WDD;Waddai;;;;;;;;;;;;;;x;;;;;;;;;;;;;;
WDD_ADJ;Waddaian;;;;;;;;;;;;;;x;;;;;;;;;;;;;;
TOO;Fulani Imamate;;;;;;;;;;;;;;x;;;;;;;;;;;;;;
TOO_absolute_monarchy;Fulani Sultanate;;;;;;;;;;;;x
TOO_hms_government;Fulani Sultanate;;;;;;;;;;;;x
TOO_prussian_constitutionalism;Fulani Sultanate;;;;;;;;;;;;x
TOO_republic;Fulani Republic;;;;;;;;;;;;x
TOO_ADJ;Fulani;;;;;;;;;;;;;;x;;;;;;;;;;;;;;
TRZ;Beni Hassan;;;;;;;;;;;;;;x;;;;;;;;;;;;;;
TRZ_colonial_company;Beni Hassan;;;;;;;;;;;;;;x;;;;;;;;;;;;;;
TRZ_absolute_monarchy;Beni Hassan;;;;;;;;;;;;x
TRZ_hms_government;Beni Hassan;;;;;;;;;;;;x
TRZ_prussian_constitutionalism;Beni Hassan;;;;;;;;;;;;x
TRZ_republic;Mauretania;;;;;;;;;;;;x
TRZ_ADJ;Mauretanian;;;;;;;;;;;;;;x;;;;;;;;;;;;;;
BBB;Beni Abbas;;;;;;;;;;;;;;x;;;;;;;;;;;;;;
BBB_ADJ;Abbasid;;;;;;;;;;;;;;x;;;;;;;;;;;;;;
ZYD;Zayyanids;;;;;;;;;;;;;;x;;;;;;;;;;;;;;
ZYD_ADJ;Zayyanid;;;;;;;;;;;;;;x;;;;;;;;;;;;;;
MZB;M'zab;;;;;;;;;;;;;;x;;;;;;;;;;;;;;
MZB_ADJ;Mzabian;;;;;;;;;;;;;;x;;;;;;;;;;;;;;
MTF_colonial_company;Tafilalt;;;;;;;;;;;;;;x;;;;;;;;;;;;;;
MTF;Alawites;;;;;;;;;;;;;;x;;;;;;;;;;;;;;
MTF_absolute_monarchy;Alawite Sultanate;;;;;;;;;;;;x
MTF_hms_government;Alawites;;;;;;;;;;;;x
MTF_prussian_constitutionalism;Alawites;;;;;;;;;;;;x
MTF_republic;Morocco;;;;;;;;;;;;x
MTF_ADJ;Alawite;;;;;;;;;;;;;;x;;;;;;;;;;;;;;
ALD;Orania;;;;;;;;;;;;;;x;;;;;;;;;;;;;;
ALD_absolute_monarchy;Yifranid Sultanate;;;;;;;;;;;;x
ALD_hms_government;Yifranids;;;;;;;;;;;;x
ALD_prussian_constitutionalism;Yifranids;;;;;;;;;;;;x
ALD_republic;Orania;;;;;;;;;;;;x
ALD_ADJ;Oranian;;;;;;;;;;;;;;x;;;;;;;;;;;;;;
TMB;Timbuktu;;;;;;;;;;;;;;x;;;;;;;;;;;;;;
TMB_colonial_company;Wilaya of Timbuktu;;;;;;;;;;;;x
TMB_ADJ;Timbuktan;;;;;;;;;;;;;;x;;;;;;;;;;;;;;
TBT;Tibesti;;;;;;;;;;;;;;x;;;;;;;;;;;;;;
TBT_ADJ;Tibestian;;;;;;;;;;;;;;x;;;;;;;;;;;;;;
FTM;Fatimid Caliphate;;;;;;;;;;;;;;x;;;;;;;;;;;;;;
FTM_ADJ;Fatimid;;;;;;;;;;;;;;x;;;;;;;;;;;;;;
NYE;North Yemen;;;;;;;;;;;;;;x;;;;;;;;;;;;;;
NYE_absolute_monarchy;Qasimids;;;;;;;;;;;;x
NYE_hms_government;Qasimids;;;;;;;;;;;;x
NYE_prussian_constitutionalism;Qasimids;;;;;;;;;;;;x
NYE_ADJ;Qasimid;;;;;;;;;;;;;;x;;;;;;;;;;;;;;
AZH;Anizzah;;;;;;;;;;;;;;x;;;;;;;;;;;;;;
AZH_absolute_monarchy;Anizzah Sheikhdom;;;;;;;;;;;;x
AZH_hms_government;Anizzah Sheikhdom;;;;;;;;;;;;x
AZH_prussian_constitutionalism;Anizzah Sheikhdom;;;;;;;;;;;;x
AZH_ADJ;Anizzah;;;;;;;;;;;;;;x;;;;;;;;;;;;;;
SYR;Sham;;;;;;;;;;;;;;x;;;;;;;;;;;;;;
SYR_absolute_monarchy;Sham;;;;;;;;;;;;x
SYR_hms_government;Sham;;;;;;;;;;;;x
SYR_prussian_constitutionalism;Sham;;;;;;;;;;;;x
SYR_ADJ;Shami;;;;;;;;;;;;;;x;;;;;;;;;;;;;;
SLV_absolute_monarchy;Nitra;;;;;;;;;;;;x
SLV_hms_government;Nitra;;;;;;;;;;;;x
SLV_prussian_constitutionalism;Nitra;;;;;;;;;;;;x
KRA_absolute_monarchy;Malopolska;;;;;;;;;;;;x
KRA_hms_government;Malopolska;;;;;;;;;;;;x
KRA_prussian_constitutionalism;Malopolska;;;;;;;;;;;;x
KRA;Malopolska;;;;;;;;;;;;x
KRA_democracy;Malopolska;;;;;;;;;;;;x
CPL_absolute_monarchy;Masovia;;;;;;;;;;;;x
CPL_hms_government;Masovia;;;;;;;;;;;;x
CPL_prussian_constitutionalism;Masovia;;;;;;;;;;;;x
CPL_democracy;Masovia;;;;;;;;;;;;x
GER_absolute_monarchy;The Kingdom of Germany;;;;;;;;;;;;x
GER_hms_government;The Kingdom of Germany;;;;;;;;;;;;x
GER_prussian_constitutionalism;The Kingdom of Germany;;;;;;;;;;;;x
AST;Suori Jöro;;;;;;;;;;;;x
AST_absolute_monarchy;Suori Jöro;;;;;;;;;;;;x
AST_hms_government;Suori Jöro;;;;;;;;;;;;x
AST_prussian_constitutionalism;Suori Jöro;;;;;;;;;;;;x
AST_democracy;Suori Jöro;;;;;;;;;;;;x
AST_proleterian_dictatorship;Suori Jöro;;;;;;;;;;;;x
AST_fascist_dictatorship;Suori Jöro;;;;;;;;;;;;x
AST_colonial_company;Suori Jöro;;;;;;;;;;;;x
AST_dominion;Suori Jöro;;;;;;;;;;;;x
VGR_ADJ;Vagr;Vagr;Vagr;;;;;;;;;;;x;
VGR;Vagrland;Vagrland;Vagrland;;;;;;;;;;;x;
VGR_proletarian_dictatorship;Vagrland;Vagrland;Vagrland;;;;;;;;;;;x;
VGR_presidential_dictatorship;Vagrland;Vagrland;Vagrland;;;;;;;;;;;x;
VGR_bourgeois_dictatorship;Vagrland;Vagrland;Vagrland;;;;;;;;;;;x;
VGR_fascist_dictatorship;Vagrland;Vagrland;Vagrland;;;;;;;;;;;x;
VGR_absolute_monarchy;Vagrland;Vagrland;Vagrland;;;;;;;;;;;x;
VGR_prussian_constitutionalism;Vagrland;Vagrland;Vagrland;;;;;;;;;;;x;
VGR_hms_government;Vagrland;Vagrland;Vagrland;;;;;;;;;;;x;
VGR_democracy;Vagrland;Vagrland;Vagrland;;;;;;;;;;;x;
VGR_conservative_92;Conservatives;Conservatives;Conservatives;;;;;;;;;;;x;
VGR_liberal_79;Liberals;Liberals;Liberals;;;;;;;;;;;x;
VGR_liberal_87;National Liberals;National Liberals;National Liberals;;;;;;;;;;;x;
VGR_socialist_85;Socialists;Socialists;Socialists;;;;;;;;;;;x;
VGR_socialist_99;National Socialists;National Socialists;National Socialists;;;;;;;;;;;x;
VGR_reactionary_78;Reactionaries;Reactionaries;Reactionaries;;;;;;;;;;;x;
VGR_anarcho_liberal_93;Radical Liberals;Radical Liberals;Radical Liberals;;;;;;;;;;;x;
VGR_communist_86;Communists;Communists;Communists;;;;;;;;;;;x;
VGR_fascist_72;Fascists;Fascists;Fascists;;;;;;;;;;;x;
ANC;Ancona;;;;;;;;;;;;x
ANC_ADJ;Anconan;;;;;;;;;;;;x
ANC_democracy;Republic of Ancona;;;;;;;;;;;;x
SWI;Switzerland;;;;;;;;;;;;x
SWI_democracy;Swiss Confederation;;;;;;;;;;;;x
SWI_ADJ;Ambrosian;;;;;;;;;;;;x
SNA;Siena;;;;;;;;;;;;x
SNA_ADJ;Sienese;;;;;;;;;;;;x
SNA_democracy;Republic of Siena;;;;;;;;;;;;x
TUS;Florence;;;;;;;;;;;;x
TUS_ADJ;Florentine;;;;;;;;;;;;x
TUS_democracy;Florentine Republic;;;;;;;;;;;;x
ABA;Alba;;;;;;;;;;;;x
ABA_ADJ;Alban;;;;;;;;;;;;x
FRR;Ferrara;;;;;;;;;;;;x
FRR_ADJ;Ferraran;;;;;;;;;;;;x
MTU;Mantua;;;;;;;;;;;;x
MTU_ADJ;Mantuan;;;;;;;;;;;;x
MTU_absolute_monarchy;The Duchy of Mantua;;;;;;;;;;;;x
MTU_prussian_constitutionalism;The Duchy of Mantua;;;;;;;;;;;;x
MTU_hms_government;The Duchy of Mantua;;;;;;;;;;;;x
RGU;Ragusa;;;;;;;;;;;;x
RGU_democracy;Republic of Ragusa;;;;;;;;;;;;x
RGU_ADJ;Ragusan;;;;;;;;;;;;x
NLI;Noli;;;;;;;;;;;;x
NLI_democracy;The Republic of Noli;;;;;;;;;;;;x
NLI_ADJ;Nolian;;;;;;;;;;;;x
ATI;Asti;;;;;;;;;;;;x
ATI_ADJ;Astese;;;;;;;;;;;;x
MFT;Montferrat;;;;;;;;;;;;x
MFT_ADJ;Montferratese;;;;;;;;;;;;x
PVI;Pavia;;;;;;;;;;;;x
PVI_ADJ;Pavian;;;;;;;;;;;;x
MML;Mamluks;;;;;;;;;;;;;;x;;;;;;;;;;;;;;
MML_absolute_monarchy;Mamluks;;;;;;;;;;;;x
MML_hms_government;Mamluks;;;;;;;;;;;;x
MML_prussian_constitutionalism;Mamluks;;;;;;;;;;;;x
MML_ADJ;Mamlukian;;;;;;;;;;;;;;x;;;;;;;;;;;;;;
DMC;Damascus;;;;;;;;;;;;;;x;;;;;;;;;;;;;;
DMC_colonial_company;Wilaya of Dimashq;;;;;;;;;;;;x
DMC_absolute_monarchy;Dimashq Emirate;;;;;;;;;;;;x
DMC_hms_government;Dimashq Emirate;;;;;;;;;;;;x
DMC_prussian_constitutionalism;Dimashq Emirate;;;;;;;;;;;;x
DMC_ADJ;Damascusian;;;;;;;;;;;;;;x;;;;;;;;;;;;;;
HDJ;Hejaz;;;;;;;;;;;;;;x;;;;;;;;;;;;;;
HDJ_colonial_company;Wilaya of Hejaz;;;;;;;;;;;;x
HDJ_absolute_monarchy;Hejaz Emirate;;;;;;;;;;;;x
HDJ_hms_government;Hejaz Emirate;;;;;;;;;;;;x
HDJ_prussian_constitutionalism;Hejaz Emirate;;;;;;;;;;;;x
HDJ_ADJ;Hejazi;;;;;;;;;;;;;;x;;;;;;;;;;;;;;
TRI_colonial_company;Wilaya of Tripoli;;;;;;;;;;;;x
MDB;Medri Bahri;;;;;;;;;;;;;;x;;;;;;;;;;;;;;
MDB_absolute_monarchy;Medri Bahri;;;;;;;;;;;;x
MDB_hms_government;Medri Bahri;;;;;;;;;;;;x
MDB_prussian_constitutionalism;Medri Bahri;;;;;;;;;;;;x
MDB_ADJ;Bahrian;;;;;;;;;;;;;;x;;;;;;;;;;;;;;
AGW;Agew;;;;;;;;;;;;;;x;;;;;;;;;;;;;;
AGW_ADJ;Agewi;;;;;;;;;;;;;;x;;;;;;;;;;;;;;
GJM;Gojjam;;;;;;;;;;;;;;x;;;;;;;;;;;;;;
GJM_ADJ;Gojjami;;;;;;;;;;;;;;x;;;;;;;;;;;;;;
INY;Innarya;;;;;;;;;;;;;;x;;;;;;;;;;;;;;
INY_ADJ;Innaryi;;;;;;;;;;;;;;x;;;;;;;;;;;;;;
MLO;Mello;;;;;;;;;;;;;;x;;;;;;;;;;;;;;
MLO_ADJ;Melloyi;;;;;;;;;;;;;;x;;;;;;;;;;;;;;
ORM;Oromiya;;;;;;;;;;;;;;x;;;;;;;;;;;;;;
ORM_absolute_monarchy;Bale;;;;;;;;;;;;x
ORM_hms_government;Bale;;;;;;;;;;;;x
ORM_prussian_constitutionalism;Bale;;;;;;;;;;;;x
ORM_ADJ;Oromiyan;;;;;;;;;;;;;;x;;;;;;;;;;;;;;
OGD;Ogaden;;;;;;;;;;;;;;x;;;;;;;;;;;;;;
OGD_absolute_monarchy;Makahil;;;;;;;;;;;;x
OGD_hms_government;Makahil;;;;;;;;;;;;x
OGD_prussian_constitutionalism;Makahil;;;;;;;;;;;;x
OGD_ADJ;Ogadenian;;;;;;;;;;;;;;x;;;;;;;;;;;;;;
SMN;Semien;;;;;;;;;;;;;;x;;;;;;;;;;;;;;
SMN_ADJ;Semienian;;;;;;;;;;;;;;x;;;;;;;;;;;;;;
RRI;Rer Ishak;;;;;;;;;;;;;;x;;;;;;;;;;;;;;
RRI_ADJ;Ishakian;;;;;;;;;;;;;;x;;;;;;;;;;;;;;
JMM;Jimma;;;;;;;;;;;;;;x;;;;;;;;;;;;;;
JMM_ADJ;Jimmayan;;;;;;;;;;;;;;x;;;;;;;;;;;;;;
ADL;Adal;;;;;;;;;;;;;;x;;;;;;;;;;;;;;
ADL_absolute_monarchy;Adal Sultanate;;;;;;;;;;;;x
ADL_hms_government;Adal Sultanate;;;;;;;;;;;;x
ADL_prussian_constitutionalism;Adal Sultanate;;;;;;;;;;;;x
ADL_ADJ;Adali;;;;;;;;;;;;;;x;;;;;;;;;;;;;;
JWE;Beta Isreal;;;;;;;;;;;;;;x;;;;;;;;;;;;;;
JWE_absolute_monarchy;Kingdom of Solomon;;;;;;;;;;;;x
JWE_hms_government;Kingdom of Solomon;;;;;;;;;;;;x
JWE_prussian_constitutionalism;Kingdom of Solomon;;;;;;;;;;;;x
JWE_ADJ;Judean;;;;;;;;;;;;;;x;;;;;;;;;;;;;;
WLL_ADJ;Hainaut;Hainaut;Hainaut;;;;;;;;;;;x;
WLL;Hainaut;Hainaut;Hainaut;;;;;;;;;;;x;
WLL_proletarian_dictatorship;Hainaut;Hainaut;Hainaut;;;;;;;;;;;x;
WLL_presidential_dictatorship;Hainaut;Hainaut;Hainaut;;;;;;;;;;;x;
WLL_bourgeois_dictatorship;Hainaut;Hainaut;Hainaut;;;;;;;;;;;x;
WLL_fascist_dictatorship;Hainaut;Hainaut;Hainaut;;;;;;;;;;;x;
WLL_absolute_monarchy;Hainaut;Hainaut;Hainaut;;;;;;;;;;;x;
WLL_prussian_constitutionalism;Hainaut;Hainaut;Hainaut;;;;;;;;;;;x;
WLL_hms_government;Hainaut;Hainaut;Hainaut;;;;;;;;;;;x;
WLL_democracy;Hainaut;Hainaut;Hainaut;;;;;;;;;;;x;
SGF_ADJ;Lotharingia;Lotharingia;Lotharingia;;;;;;;;;;;x;
SGF;Lotharingia;Lotharingia;Lotharingia;;;;;;;;;;;x;
SGF_proletarian_dictatorship;Lotharingia;Lotharingia;Lotharingia;;;;;;;;;;;x;
SGF_presidential_dictatorship;Lotharingia;Lotharingia;Lotharingia;;;;;;;;;;;x;
SGF_bourgeois_dictatorship;Lotharingia;Lotharingia;Lotharingia;;;;;;;;;;;x;
SGF_fascist_dictatorship;Lotharingia;Lotharingia;Lotharingia;;;;;;;;;;;x;
SGF_absolute_monarchy;Lotharingia;Lotharingia;Lotharingia;;;;;;;;;;;x;
SGF_prussian_constitutionalism;Lotharingia;Lotharingia;Lotharingia;;;;;;;;;;;x;
SGF_hms_government;Lotharingia;Lotharingia;Lotharingia;;;;;;;;;;;x;
SGF_democracy;Lotharingia;Lotharingia;Lotharingia;;;;;;;;;;;x;
ATH_ADJ;Athenian;Athenian;Athenian;;;;;;;;;;;x;
ATH;Athens;Athens;Athens;;;;;;;;;;;x;
ATH_proletarian_dictatorship;Athens;Athens;Athens;;;;;;;;;;;x;
ATH_presidential_dictatorship;Athens;Athens;Athens;;;;;;;;;;;x;
ATH_bourgeois_dictatorship;Athens;Athens;Athens;;;;;;;;;;;x;
ATH_fascist_dictatorship;Athens;Athens;Athens;;;;;;;;;;;x;
ATH_absolute_monarchy;Athens;Athens;Athens;;;;;;;;;;;x;
ATH_prussian_constitutionalism;Athens;Athens;Athens;;;;;;;;;;;x;
ATH_hms_government;Athens;Athens;Athens;;;;;;;;;;;x;
ATH_democracy;Athens;Athens;Athens;;;;;;;;;;;x;
ATH_conservative_92;Conservatives;Conservatives;Conservatives;;;;;;;;;;;x;
ATH_liberal_79;Liberals;Liberals;Liberals;;;;;;;;;;;x;
ATH_liberal_87;National Liberals;National Liberals;National Liberals;;;;;;;;;;;x;
ATH_socialist_85;Socialists;Socialists;Socialists;;;;;;;;;;;x;
ATH_socialist_99;National Socialists;National Socialists;National Socialists;;;;;;;;;;;x;
ATH_reactionary_84;Monarchy Leadership;Monarchy Leadership;Monarchy Leadership;;;;;;;;;;;x;
ATH_anarcho_liberal_93;Radical Liberals;Radical Liberals;Radical Liberals;;;;;;;;;;;x;
ATH_communist_86;Communists;Communists;Communists;;;;;;;;;;;x;
ATH_fascist_72;Fascists;Fascists;Fascists;;;;;;;;;;;x;
MRE_ADJ;Morean;Morean;Morean;;;;;;;;;;;x;
MRE;Morea;Morea;Morea;;;;;;;;;;;x;
MRE_proletarian_dictatorship;Morea;Morea;Morea;;;;;;;;;;;x;
MRE_presidential_dictatorship;Morea;Morea;Morea;;;;;;;;;;;x;
MRE_bourgeois_dictatorship;Morea;Morea;Morea;;;;;;;;;;;x;
MRE_fascist_dictatorship;Morea;Morea;Morea;;;;;;;;;;;x;
MRE_absolute_monarchy;Morea;Morea;Morea;;;;;;;;;;;x;
MRE_prussian_constitutionalism;Morea;Morea;Morea;;;;;;;;;;;x;
MRE_hms_government;Morea;Morea;Morea;;;;;;;;;;;x;
MRE_democracy;Morea;Morea;Morea;;;;;;;;;;;x;
MRE_conservative_92;Conservatives;Conservatives;Conservatives;;;;;;;;;;;x;
MRE_liberal_79;Liberals;Liberals;Liberals;;;;;;;;;;;x;
MRE_liberal_87;National Liberals;National Liberals;National Liberals;;;;;;;;;;;x;
MRE_socialist_85;Socialists;Socialists;Socialists;;;;;;;;;;;x;
MRE_socialist_99;National Socialists;National Socialists;National Socialists;;;;;;;;;;;x;
MRE_reactionary_84;Monarchy Leadership;Monarchy Leadership;Monarchy Leadership;;;;;;;;;;;x;
MRE_anarcho_liberal_93;Radical Liberals;Radical Liberals;Radical Liberals;;;;;;;;;;;x;
MRE_communist_86;Communists;Communists;Communists;;;;;;;;;;;x;
MRE_fascist_72;Fascists;Fascists;Fascists;;;;;;;;;;;x;
EPI;Epirus;;;;;;;;;;;x;
EPI_ADJ;Epirote;;;;;;;;;;;x;
VND;Venda;;;;;;;;;;;x;
VND_ADJ;Venda;;;;;;;;;;;x;
ZOU;Yao;;;;;;;;;;;x;
ZOU_ADJ;Yao;;;;;;;;;;;x;
NYM;Nyamwezi;;;;;;;;;;;x;
NYM_ADJ;Nyamwezi;;;;;;;;;;;x;
GGO;Gogo;;;;;;;;;;;x;
GGO_ADJ;Gogo;;;;;;;;;;;x;
KLW;Kilwa;;;;;;;;;;;x;
KLW_absolute_monarchy;Kilwa Sultanate;;;;;;;;;;;;;x;
KLW_prussian_constitutionalism;Kilwa Sultanate;;;;;;;;;;;;;x;
KLW_hms_government;Kilwa Sultanate;;;;;;;;;;;;;x;
KLW_ADJ;Kilwani;;;;;;;;;;;x;
ZAN_absolute_monarchy;Zanzibar Sultanate;;;;;;;;;;;;;x;
ZAN_prussian_constitutionalism;Zanzibar Sultanate;;;;;;;;;;;;;x;
ZAN_hms_government;Zanzibar Sultanate;;;;;;;;;;;;;x;
SFL;Sofala;;;;;;;;;;;x;
SFL_absolute_monarchy;Sofala Sultanate;;;;;;;;;;;;;x;
SFL_prussian_constitutionalism;Sofala Sultanate;;;;;;;;;;;;;x;
SFL_hms_government;Sofala Sultanate;;;;;;;;;;;;;x;
SFL_ADJ;Sofalani;;;;;;;;;;;x;
MHJ;Mahajanga;;;;;;;;;;;x;
MHJ_absolute_monarchy;Mahajanga Sultanate;;;;;;;;;;;;;x;
MHJ_prussian_constitutionalism;Mahajanga Sultanate;;;;;;;;;;;;;x;
MHJ_hms_government;Mahajanga Sultanate;;;;;;;;;;;;;x;
MHJ_ADJ;Mahajangani;;;;;;;;;;;x;
MBS;Mombasa;;;;;;;;;;;x;
MBS_absolute_monarchy;Mombasa Sultanate;;;;;;;;;;;;;x;
MBS_prussian_constitutionalism;Mombasa Sultanate;;;;;;;;;;;;;x;
MBS_hms_government;Mombasa Sultanate;;;;;;;;;;;;;x;
MBS_ADJ;Mombasani;;;;;;;;;;;x;
KGW;Karagwe;;;;;;;;;;;x;
KGW_ADJ;Ragwe;;;;;;;;;;;x;
NKL;Nkale;;;;;;;;;;;x;
NKL_ADJ;Runyankole;;;;;;;;;;;x;
ITS;Iteso;;;;;;;;;;;x;
ITS_ADJ;Iteso;;;;;;;;;;;x;
BTS;Barotse Kingdom;;;;;;;;;;;x;
BTS_ADJ;Barotse;;;;;;;;;;;x;
BBM;Bemba;;;;;;;;;;;x;
BBM_ADJ;Bemba;;;;;;;;;;;x;
CKW;Chokwe;;;;;;;;;;;x;
CKW_ADJ;Chokwe;;;;;;;;;;;x;
OVB;Ovimbundu;;;;;;;;;;;x;
OVB_ADJ;Ovimbundu;;;;;;;;;;;x;
UTT;Utetera;;;;;;;;;;;x;
UTT_absolute_monarchy;Utetera Sultanate;;;;;;;;;;;;;x;
UTT_prussian_constitutionalism;Utetera Sultanate;;;;;;;;;;;;;x;
UTT_hms_government;Utetera Sultanate;;;;;;;;;;;;;x;
UTT_ADJ;Uteterani;;;;;;;;;;;x;
UJJ;Ujiji;;;;;;;;;;;x;
UJJ_absolute_monarchy;Ujiji Sultanate;;;;;;;;;;;;;x;
UJJ_prussian_constitutionalism;Ujiji Sultanate;;;;;;;;;;;;;x;
UJJ_hms_government;Ujiji Sultanate;;;;;;;;;;;;;x;
UJJ_ADJ;Ujijian;;;;;;;;;;;x;
DWS;Dawasir;;;;;;;;;;;x;
DWS_ADJ;Dawasiran;;;;;;;;;;;x;
QTN;Qahtan;;;;;;;;;;;x;
QTN_ADJ;Qahtanian;;;;;;;;;;;x;
MBD;Mbunda;;;;;;;;;;;x;
MBD_ADJ;Mbundan;;;;;;;;;;;x;
MTB;Matamba;;;;;;;;;;;x;
MTB_ADJ;Matamban;;;;;;;;;;;x;
NDG;Ndongo;;;;;;;;;;;x;
NDG_ADJ;Ndongon;;;;;;;;;;;x;
MGO;Mongo;;;;;;;;;;;x;
MGO_ADJ;Mongo;;;;;;;;;;;x;
SHO;Ndau;;;;;;;;;;;x;
SHO_ADJ;Ndau;;;;;;;;;;;x;
TQL;Teqali Sultanate;;;;;;;;;;;x;
TQL_ADJ;Teqali;;;;;;;;;;;x;
SNR;Funj Sultanate;;;;;;;;;;;x;
SNR_ADJ;Funji;;;;;;;;;;;x;
DKT;Dar Al-Kuti;;;;;;;;;;;x;
DKT_ADJ;Kuti;;;;;;;;;;;x;
BGS;Bang Assu;;;;;;;;;;;x;
BGS_ADJ;Bangassuni;;;;;;;;;;;x;
BRM;Bagirmi Sultanate;;;;;;;;;;;x;
BRM_ADJ;Bagirmi;;;;;;;;;;;x;
KNY;Agikuyu;;;;;;;;;;;x;
KNY_ADJ;Agikuyunian;;;;;;;;;;;x;
BDA;Bida Emirate;;;;;;;;;;;x;
BDA_ADJ;Bida;;;;;;;;;;;x;
HJI;Hadejia Emirate;;;;;;;;;;;x;
HJI_ADJ;Hadejia;;;;;;;;;;;x;
HKB;Kebbi Emirate;;;;;;;;;;;x;
HKB_ADJ;Kebbi;;;;;;;;;;;x;
HKT;Katsina Emirate;;;;;;;;;;;x;
HKT_ADJ;Katsina;;;;;;;;;;;x;
HKN;Kano Emirate;;;;;;;;;;;x;
HKN_ADJ;Kano;;;;;;;;;;;x;
HZF;Zamfara Emirate;;;;;;;;;;;x;
HZF_ADJ;Zamfara;;;;;;;;;;;x;
HZZ;Zazzau Emirate;;;;;;;;;;;x;
HZZ_ADJ;Zazzau;;;;;;;;;;;x;
DMG;Gobir Emirate;;;;;;;;;;;x;
DMG_ADJ;Gobir;;;;;;;;;;;x;
SGH;Songhai;;;;;;;;;;;x;
SGH_ADJ;Songhai;;;;;;;;;;;x;
IGL;Igala Emirate;;;;;;;;;;;x;
IGL_ADJ;Igala;;;;;;;;;;;x;
ADW;Adamawa Emirate;;;;;;;;;;;x;
ADW_ADJ;Adamawa;;;;;;;;;;;x;
HBC;Bauchi Emirate;;;;;;;;;;;x;
HBC_ADJ;Bauchi;;;;;;;;;;;x;
WKR;Wukari Federation;;;;;;;;;;;x;
WKR_ADJ;Wukari;;;;;;;;;;;x;
IFE;Ife-Ife;;;;;;;;;;;x;
IFE_ADJ;Ife;;;;;;;;;;;x;
EGB;Egba;;;;;;;;;;;x;
EGB_ADJ;Egba;;;;;;;;;;;x;
IBD;Ibadan;;;;;;;;;;;x;
IBD_ADJ;Ibadanian;;;;;;;;;;;x;
OPB;Opobo;;;;;;;;;;;x;
OPB_ADJ;Opoban;;;;;;;;;;;x;
EKT;Etiki;;;;;;;;;;;x;
EKT_ADJ;Etikan;;;;;;;;;;;x;
BSS;Bussa Emirate;;;;;;;;;;;x;
BSS_ADJ;Bussan;;;;;;;;;;;x;
ASH;Akan Federation;;;;;;;;;;;x;
ASH_ADJ;Akan;;;;;;;;;;;x;
TGW;Ewe;;;;;;;;;;;x;
TGW_ADJ;Ewe;;;;;;;;;;;x;
BLK;Bamileke;;;;;;;;;;;x;
BLK_ADJ;Bamileke;;;;;;;;;;;x;
KJJ;Kel Ajjer;;;;;;;;;;;x;
KJJ_ADJ;Tuareg;;;;;;;;;;;x;
KDG;Kel Adagh;;;;;;;;;;;x;
KDG_ADJ;Tuareg;;;;;;;;;;;x;
KIR;Kel Aïr;;;;;;;;;;;x;
KIR_ADJ;Tuareg;;;;;;;;;;;x;
GHD;Ghadames;;;;;;;;;;;x;
GHD_ADJ;Ghadamesi;;;;;;;;;;;x;
WSL;Wassulu;;;;;;;;;;;x;
WSL_ADJ;Wassulan;;;;;;;;;;;x;
MNH;Manneh;;;;;;;;;;;x;
MNH_ADJ;Manneh;;;;;;;;;;;x;
NAL;Dar al-Budjar;;;;;;;;;;;x;
NAL_ADJ;Manneh;;;;;;;;;;;x;
ZBY;al-Zubayr's Realm;;;;;;;;;;;x;
ZBY_ADJ;Zubayr;;;;;;;;;;;x;
NBI;Nubia;;;;;;;;;;;x;
NBI_ADJ;Nubian;;;;;;;;;;;x;
DND;Gurma Kingdom;;;;;;;;;;;x;
DND_ADJ;Gur;;;;;;;;;;;x;
ZBW_absolute_monarchy;Rozvi;;;;;;;;;;;;;x;
ZBW_prussian_constitutionalism;Rozvi;;;;;;;;;;;;;x;
ZBW_hms_government;Rozvi;;;;;;;;;;;;;x;
SWA;Swahili Union;;;;;;;;;;;x;
SWA_proletarian_dictatorship;Union of East Africa;;;;;;;;;;;;;x;
SWA_presidential_dictatorship;United States of the Swahili Coast;;;;;;;;;;;;;x;
SWA_democracy;United States of the Swahili Coast;;;;;;;;;;;;;x;
SWA_absolute_monarchy;Swahili Sultanate;;;;;;;;;;;;;x;
SWA_prussian_constitutionalism;Swahili Sultanate;;;;;;;;;;;;;x;
SWA_hms_government;Swahili Sultanate;;;;;;;;;;;;;x;
SWA_ADJ;Swahilian;;;;;;;;;;;x;
MLW_absolute_monarchy;Marawi;;;;;;;;;;;;;x;
MLW_prussian_constitutionalism;Marawi;;;;;;;;;;;;;x;
MLW_hms_government;Marawi;;;;;;;;;;;;;x;
TRN;Khoikhoi;;;;;;;;;;;x;
TRN_proletarian_dictatorship;Republic of the Cape;;;;;;;;;;;;;x;
TRN_presidential_dictatorship;Republic of the Cape;;;;;;;;;;;;;x;
TRN_democracy;Republic of the Cape;;;;;;;;;;;;;x;
TRN_absolute_monarchy;Khoikhoi;;;;;;;;;;;;;x;
TRN_prussian_constitutionalism;Khoikhoi;;;;;;;;;;;;;x;
TRN_hms_government;Khoikhoi;;;;;;;;;;;;;x;
TRN_ADJ;San;;;;;;;;;;;x;
APC;Apache;x
APC_ADJ;Apache;x
CDD;Caddo;x
CDD_ADJ;Caddo;x
LNP;Lenape;x
LNP_ADJ;Lenape;x
PHL;Philippiana;x
PHL_ADJ;Philippian;x
SHE;Shawnee;x
SHE_ADJ;Shawnee;x
SSX;Sioux;x
SSX_ADJ;Sioux;x
MIA;Miami;x
MIA_ADJ;Miami;x
HRN;Erie;x
HRN_ADJ;Erie;x
FZZ;Fezzan;;;;;;;;;;;x;
FZZ_proletarian_dictatorship;PRNS;;;;;;;;;;;;;x;
FZZ_presidential_dictatorship;Fezzan;;;;;;;;;;;;;x;
FZZ_democracy;Fezzan;;;;;;;;;;;;;x;
FZZ_absolute_monarchy;Fezzan;;;;;;;;;;;;;x;
FZZ_prussian_constitutionalism;Fezzan;;;;;;;;;;;;;x;
FZZ_hms_government;Fezzan;;;;;;;;;;;;;x;
FZZ_ADJ;Fezzani;;;;;;;;;;;x;
SOK;Hausaland;;;;;;;;;;;x;
SOK_proletarian_dictatorship;Hausaland;;;;;;;;;;;;;x;
SOK_presidential_dictatorship;Hausaland;;;;;;;;;;;;;x;
SOK_democracy;Hausaland;;;;;;;;;;;;;x;
SOK_absolute_monarchy;Hausa Empire;;;;;;;;;;;;;x;
SOK_prussian_constitutionalism;Hausa Empire;;;;;;;;;;;;;x;
SOK_hms_government;Hausa Empire;;;;;;;;;;;;;x;
SOK_ADJ;Hausa;;;;;;;;;;;x;
TUN_absolute_monarchy;Hafsid Sultanate;;;;;;;;;;;;;x;
TUN_prussian_constitutionalism;Hafsid Sultanate;;;;;;;;;;;;;x;
TUN_hms_government;Hafsids;;;;;;;;;;;;;x;
TUN_ADJ;Tunisian;;;;;;;;;;;x;
MOR_absolute_monarchy;Marinid Empire;;;;;;;;;;;;;x;
MOR_prussian_constitutionalism;Marinid Empire;;;;;;;;;;;;;x;
MOR_hms_government;Marinids;;;;;;;;;;;;;x;
GBR;Gobir;x
GBR_absolute_monarchy;Gobir Sultanate;;;;;;;;;;;;;x;
GBR_ADJ;Gobiri;x
HDR;Daura;x
HDR_absolute_monarchy;Daura Emirate;;;;;;;;;;;;;x;
HDR_ADJ;Daurayi;x
HRO;Rano;x
HRO_absolute_monarchy;Rano Emirate;;;;;;;;;;;;;x;
HRO_ADJ;Ranoyi;x
BYR;Yauri;x
BYR_absolute_monarchy;Yauri Emirate;;;;;;;;;;;;;x;
BYR_ADJ;Yauri;x
KWF;Kwararafa;x
KWF_ADJ;Kwararafa;x
GWR;Gwari;x
GWR_ADJ;Gwari;x
TWT;Twat;x
TWT_ADJ;Twati;x
ASB;Iron Confederacy;x
ASB_ADJ;Iron;x
YCH;Yauchi;x
YCH_ADJ;Yauchi;x
CEE;Cree;x
CEE_ADJ;Cree;x
BCK;Blackfoot;x
BCK_ADJ;Blackfoot;x
ABS;Absarokee;x
ABS_ADJ;Absarokee;x
CYN;Cheyenne;x
CYN_ADJ;Cheyenne;x
CMM;Commanche;x
CMM_ADJ;Commanche;x
SHS;Shoshone;x
SHS_ADJ;Shoshone;x
YKM;Yakama;x
YKM_ADJ;Yakama;x
CSH;Yuma;x
CSH_ADJ;Yuma;x
ATL;Xalisco;x
ATL_ADJ;Xalisco;x
OTS;Otomi;x
OTS_ADJ;Otomi;x
TTP;Tututepec;x
TTP_ADJ;Tututepecian;x
TLP;Yopitzinco;x
TLP_ADJ;Yopitzinco;x
TTT;Teotitlan;x
TTT_ADJ;Teotitlanian;x
CLL;Collima;x
CLL_ADJ;Colliman;x
TRS;Tzintzuntzan;x
TRS_ADJ;Tzintzuntzan;x
GMR;Guamar;x
GMR_ADJ;Guamar;x
KQC;Kaqchikel;x
KQC_ADJ;Kaqchikel;x
CHP;Chiapanecatl;x
CHP_ADJ;Chiapanecatl;x
LNC;Lenca;x
LNC_ADJ;Lenca;x
PPL;Pipil;x
PPL_ADJ;Pipil;x
MPC;Mapuche;x
MPC_ADJ;Mapuche;x
DGT;Diaguita;x
DGT_ADJ;Diaguita;x
GNI;Guarani Sultanate;x
GNI_ADJ;Guarani;x
MTG;Matagalpa;x
MTG_ADJ;Matagalpa;x
ACM;Atacama;x
ACM_ADJ;Atacaman;x
QLW;Qalwu Federation;x
QLW_ADJ;Qalwuyi;x
TPB;Tamo Federation;x
TPB_ADJ;Tupi;x
ABP;Abipon;x
ABP_ADJ;Abipon;x
HLC;Huilliches;x
HLC_ADJ;Huilliches;x
CQT;Tarapecosi;x
CQT_ADJ;Tarapecosi;x
CCH;Kamichingan;x
CCH_ADJ;Kamichingan;x
HRB;al-Haribin;x
HRB_ADJ;Haribin;x
MRA;Mura;x
MRA_ADJ;Mura;x
KKR;Kuikuro;x
KKR_absolute_monarchy;Kuikuro Empire;x
KKR_ADJ;Kuikuro;x
CHM;Chimu;x
CHM_colonial_company;The Chimu Autonomies;x
CHM_ADJ;Chimu;x
ARS;Sach'aqasuyu;x
ARS_colonial_company;Sach'aqasuyu;x
ARS_ADJ;Sach'aqa;x
QLS;Qullasuyu;x
QLS_colonial_company;Qullasuyu;x
QLS_ADJ;Qulla;x
DAM;Maradi;x
DAM_proletarian_dictatorship;Maradi;;;;;;;;;;;;;x;
DAM_presidential_dictatorship;Maradi;;;;;;;;;;;;;x;
DAM_democracy;Maradi;;;;;;;;;;;;;x;
DAM_absolute_monarchy;Maradi Emirate;;;;;;;;;;;;;x;
DAM_prussian_constitutionalism;Maradi Emirate;;;;;;;;;;;;;x;
DAM_hms_government;Maradi Emirate;;;;;;;;;;;;;x;
DAM_ADJ;Maradi;x
TOU;Haalpulaar;;;;;;;;;;;x;
TOU_proletarian_dictatorship;Union of Western Africa;;;;;;;;;;;;;x;
TOU_presidential_dictatorship;Haalpulaar;;;;;;;;;;;;;x;
TOU_democracy;Haalpulaar;;;;;;;;;;;;;x;
TOU_absolute_monarchy;Sokkmasor Caliphate;;;;;;;;;;;;;x;
TOU_prussian_constitutionalism;Sokkmasor Caliphate;;;;;;;;;;;;;x;
TOU_hms_government;Sokkmasor Empire;;;;;;;;;;;;;x;
TOU_ADJ;Fulani;;;;;;;;;;;x;inhlaba
NGN;Mwenemutapa;;;;;;;;;;;x;
NGN_proletarian_dictatorship;Union of South East Africa;;;;;;;;;;;;;x;
NGN_presidential_dictatorship;Mwenemutapa;;;;;;;;;;;;;x;
NGN_democracy;Mwenemutapa;;;;;;;;;;;;;x;
NGN_absolute_monarchy;Mwenemutapa Empire;;;;;;;;;;;;;x;
NGN_prussian_constitutionalism;Mwenemutapa Empire;;;;;;;;;;;;;x;
NGN_hms_government;Mwenemutapa Empire;;;;;;;;;;;;;x;
NGN_ADJ;Mwenemutapan;;;;;;;;;;;x;
UNM;Terre d'Or;;;;;;;;;;;x;
UNM_proletarian_dictatorship;Terre d'Or;;;;;;;;;;;;;x;
UNM_presidential_dictatorship;Terre d'Or;;;;;;;;;;;;;x;
UNM_democracy;Terre d'Or;;;;;;;;;;;;;x;
UNM_absolute_monarchy;Terre d'Or;;;;;;;;;;;;;x;
UNM_prussian_constitutionalism;Terre d'Or;;;;;;;;;;;;;x;
UNM_hms_government;Terre d'Or;;;;;;;;;;;;;x;
UNM_ADJ;d'Or;;;;;;;;;;;x;
HAI;Kiskeya;;;;;;;;;;;x;
HAI_proletarian_dictatorship;People's Republic of Kiskeya;;;;;;;;;;;;;x;
HAI_presidential_dictatorship;Republic of Kiskeya;;;;;;;;;;;;;x;
HAI_democracy;Republic of Kiskeya;;;;;;;;;;;;;x;
HAI_absolute_monarchy;Kiskeya;;;;;;;;;;;;;x;
HAI_prussian_constitutionalism;Kiskeya;;;;;;;;;;;;;x;
HAI_hms_government;Kiskeya;;;;;;;;;;;;;x;
HAI_bourgeois_dictatorship;Pirate Republic of Kiskeya;;;;;;;;;;;;;x;
HAI_ADJ;Kiskeyan;;;;;;;;;;;x;
GUY;al-Tufunawa;;;;;;;;;;;;;x
GUY_ADJ;Tufunawan;;;;;;;;;;;;;x
GUY_conservative;Hizb al-Muhafizin;;;;;;;;;;;;;x
GUY_liberal;Hizb al-Liybiraliu;;;;;;;;;;;;;x
GUY_socialist;Hizb al-Aishtirakiu;;;;;;;;;;;;;x
GUY_communist;Hizb al-Shuyu'iu;;;;;;;;;;;;;x
GUY_reactionary;Hizb al-Rij'i;;;;;;;;;;;;;x
GUY_anarcho_liberal;Hizb al-Radikaliun;;;;;;;;;;;;;x
GUY_fascist;Hizb Fashi;;;;;;;;;;;;;
PNB;al-Humr;;;;;;;;;;;;;x,,,,,,,,,,,,,,,,,,,,,,
PNB_ADJ;Humri;;;;;;;;;;;;;x,,,,,,,,,,,,,,,,,,,,,,#
PNB_conservative;Hizb al-Astiqlal;;;;;;;;;;;;;x
PNB_liberal;Hizb al-Huriya;;;;;;;;;;;;;x
PNB_socialist;Hizb al-'Umal;;;;;;;;;;;;;x
PNB_communist;Hizb al-Shuyu'iu;;;;;;;;;;;;;x
PNB_reactionary;Hizb al-Rij'i;;;;;;;;;;;;;x
PNB_anarcho_liberal;Hizb al-Radikaliun;;;;;;;;;;;;;x
PNB_fascist;Hizb al-Fashi;;;;;;;;;;;;;
YXI;Tatal-Xiu;;;;;;;;;;;;;x,,,,,,,,,,,,,,,,,,,,,,
YXI_ADJ;Xiu;;;;;;;;;;;;;x,,,,,,,,,,,,,,,,,,,,,,
YKL;Kupul;;;;;;;;;;;;;x,,,,,,,,,,,,,,,,,,,,,,
YKL_ADJ;Kupul;;;;;;;;;;;;;x,,,,,,,,,,,,,,,,,,,,,,
YKB;Ekab;;;;;;;;;;;;;x,,,,,,,,,,,,,,,,,,,,,,
YKB_ADJ;Ekab;;;;;;;;;;;;;x,,,,,,,,,,,,,,,,,,,,,,
YCC;Chactemal;;;;;;;;;;;;;x,,,,,,,,,,,,,,,,,,,,,,
YCC_ADJ;Chactemal;;;;;;;;;;;;;x,,,,,,,,,,,,,,,,,,,,,,
YTZ;Itza;;;;;;;;;;;;;x,,,,,,,,,,,,,,,,,,,,,,
YTZ_ADJ;Itza;;;;;;;;;;;;;x,,,,,,,,,,,,,,,,,,,,,,
LPN;Lipan;;;;;;;;;;;;;x,,,,,,,,,,,,,,,,,,,,,,
LPN_ADJ;Lipan;;;;;;;;;;;;;x,,,,,,,,,,,,,,,,,,,,,,
OPT;Opata;;;;;;;;;;;;;x,,,,,,,,,,,,,,,,,,,,,,
OPT_ADJ;Opata;;;;;;;;;;;;;x,,,,,,,,,,,,,,,,,,,,,,
ODH;O'odham;;;;;;;;;;;;;x,,,,,,,,,,,,,,,,,,,,,,
ODH_ADJ;O'odham;;;;;;;;;;;;;x,,,,,,,,,,,,,,,,,,,,,,
HPI;Hopi;;;;;;;;;;;;;x,,,,,,,,,,,,,,,,,,,,,,
HPI_ADJ;Hopi;;;;;;;;;;;;;x,,,,,,,,,,,,,,,,,,,,,,
STE;Ute;;;;;;;;;;;;;x,,,,,,,,,,,,,,,,,,,,,,
STE_ADJ;Ute;;;;;;;;;;;;;x,,,,,,,,,,,,,,,,,,,,,,
SSH;Salish;;;;;;;;;;;;;x,,,,,,,,,,,,,,,,,,,,,,
SSH_ADJ;Salish;;;;;;;;;;;;;x,,,,,,,,,,,,,,,,,,,,,,
CNK;Chinook;;;;;;;;;;;;;x,,,,,,,,,,,,,,,,,,,,,,
CNK_ADJ;Chinook;;;;;;;;;;;;;x,,,,,,,,,,,,,,,,,,,,,,
YRK;Yurok;;;;;;;;;;;;;x,,,,,,,,,,,,,,,,,,,,,,
YRK_ADJ;Yurok;;;;;;;;;;;;;x,,,,,,,,,,,,,,,,,,,,,,
MDC;Modoc;;;;;;;;;;;;;x,,,,,,,,,,,,,,,,,,,,,,
MDC_ADJ;Modoc;;;;;;;;;;;;;x,,,,,,,,,,,,,,,,,,,,,,
NCY;Nicoya;;;;;;;;;;;;;x,,,,,,,,,,,,,,,,,,,,,,
NCY_ADJ;Nicoya;;;;;;;;;;;;;x,,,,,,,,,,,,,,,,,,,,,,
PMO;Pomo;;;;;;;;;;;;;x,,,,,,,,,,,,,,,,,,,,,,
PMO_ADJ;Pomo;;;;;;;;;;;;;x,,,,,,,,,,,,,,,,,,,,,,
YKT;Yokut;;;;;;;;;;;;;x,,,,,,,,,,,,,,,,,,,,,,
YKT_ADJ;Yokut;;;;;;;;;;;;;x,,,,,,,,,,,,,,,,,,,,,,
ZCT;Zacatec;;;;;;;;;;;;;x,,,,,,,,,,,,,,,,,,,,,,
ZCT_ADJ;Zacatec;;;;;;;;;;;;;x,,,,,,,,,,,,,,,,,,,,,,
GCC;Guachichil;;;;;;;;;;;;;x,,,,,,,,,,,,,,,,,,,,,,
GCC_ADJ;Guachichil;;;;;;;;;;;;;x,,,,,,,,,,,,,,,,,,,,,,
TNL;Tonallan;;;;;;;;;;;;;x,,,,,,,,,,,,,,,,,,,,,,
TNL_ADJ;Tonallan;;;;;;;;;;;;;x,,,,,,,,,,,,,,,,,,,,,,
WRP;Warpe;;;;;;;;;;;;;x,,,,,,,,,,,,,,,,,,,,,,
WRP_ADJ;Warpe;;;;;;;;;;;;;x,,,,,,,,,,,,,,,,,,,,,,
CLM;Sallia;;;;;;;;;;;;;x,,,,,,,,,,,,,,,,,,,,,,
CLM_colonial_company;New Aquitania;;;;;;;;;;;;;x,,,,,,,,,,,,,,,,,,,,,,
CLM_ADJ;Sallian;;;;;;;;;;;;;x,,,,,,,,,,,,,,,,,,,,,,
PRG;Mbaya;;;;;;;;;;;x;
PRG_proletarian_dictatorship;Mbaya;;;;;;;;;;;;;x;
PRG_presidential_dictatorship;Mbaya;;;;;;;;;;;;;x;
PRG_democracy;Mbaya;;;;;;;;;;;;;x;
PRG_absolute_monarchy;Mbaya;;;;;;;;;;;;;x;
PRG_prussian_constitutionalism;Mbaya;;;;;;;;;;;;;x;
PRG_hms_government;Mbaya;;;;;;;;;;;;;x;
PRG_bourgeois_dictatorship;Mbaya;;;;;;;;;;;;;x;
PRG_ADJ;Mbaya;;;;;;;;;;;x;
BRZ;Potiguara;;;;;;;;;;;x;
BRZ_proletarian_dictatorship;Potiguara;;;;;;;;;;;;;x;
BRZ_presidential_dictatorship;Potiguara;;;;;;;;;;;;;x;
BRZ_democracy;Potiguara;;;;;;;;;;;;;x;
BRZ_absolute_monarchy;Potiguara;;;;;;;;;;;;;x;
BRZ_prussian_constitutionalism;Potiguara;;;;;;;;;;;;;x;
BRZ_hms_government;Potiguara;;;;;;;;;;;;;x;
BRZ_bourgeois_dictatorship;Potiguara;;;;;;;;;;;;;x;
BRZ_ADJ;Potiguara;;;;;;;;;;;x;
BAH;al-Humr;;;;;;;;;;;x;
BAH_proletarian_dictatorship;al-Humr;;;;;;;;;;;;;x;
BAH_presidential_dictatorship;al-Humr;;;;;;;;;;;;;x;
BAH_democracy;al-Humr;;;;;;;;;;;;;x;
BAH_absolute_monarchy;Wilaya of al-Humr;;;;;;;;;;;;;x;
BAH_prussian_constitutionalism;Wilaya of al-Humr;;;;;;;;;;;;;x;
BAH_hms_government;Wilaya of al-Humr;;;;;;;;;;;;;x;
BAH_ADJ;Humri;;;;;;;;;;;x;
SBA;al-Abid;;;;;;;;;;;x;
SBA_proletarian_dictatorship;al-Abid;;;;;;;;;;;;;x;
SBA_presidential_dictatorship;al-Abid;;;;;;;;;;;;;x;
SBA_democracy;al-Abid;;;;;;;;;;;;;x;
SBA_absolute_monarchy;al-Abid;;;;;;;;;;;;;x;
SBA_prussian_constitutionalism;al-Abid;;;;;;;;;;;;;x;
SBA_hms_government;al-Abid;;;;;;;;;;;;;x;
SBA_bourgeois_dictatorship;Revolt of the Abid;;;;;;;;;;;;;x;
ARG_conservative;Conservatives;;;;;;;;;;;;;;x;;;;;;;;;;;;;;
ARG_liberal;Hizb al-Huriya;;;;;;;;;;;;;;x;;;;;;;;;;;;;;
ARG_reactionary;Hizb al-Wahda;;;;;;;;;;;;;;x;;;;;;;;;;;;;;
ARG_anarcho_liberal;Hizb al-Fida'iyyin;;;;;;;;;;;;;;x;;;;;;;;;;;;;;
ARG_socialist;Hizb al-Ashtiraki;;;;;;;;;;;;;;x;;;;;;;;;;;;;;
ARG_communist;Communists;;;;;;;;;;;;;;x;;;;;;;;;;;;;;
ARG_fascist;Fascists;;;;;;;;;;;;;;x;;;;;;;;;;;;;;
SBA_ADJ;Abidi;;;;;;;;;;;x;
SGT;Shigatse;;;;;;;;;;;x;
SGT_ADJ;Shigatsean;;;;;;;;;;;x;
THR;Hor;;;;;;;;;;;x;
THR_ADJ;Hor;;;;;;;;;;;x;
NGC;Nangchen;;;;;;;;;;;x;
NGC_ADJ;Nangchen;;;;;;;;;;;x;
GLK;Golok;;;;;;;;;;;x;
GLK_ADJ;Golok;;;;;;;;;;;x;
DSM;Dasima;;;;;;;;;;;x;
DSM_ADJ;Dasiman;;;;;;;;;;;x;
SLR;Salar;;;;;;;;;;;x;
SLR_ADJ;Salar;;;;;;;;;;;x;
RGW;Rongwa;;;;;;;;;;;x;
RGW_ADJ;Rongwa;;;;;;;;;;;x;
SGR;Sogwo Arig;;;;;;;;;;;x;
SGR_ADJ;Sogwo Arig;;;;;;;;;;;x;
TPW;Powo;;;;;;;;;;;x;
TPW_ADJ;Powonese;;;;;;;;;;;x;
DRG;Derge;;;;;;;;;;;x;
DRG_ADJ;Dergenese;;;;;;;;;;;x;
HRS;Horpa States;;;;;;;;;;;x;
HRS_ADJ;Horpan;;;;;;;;;;;x;
LGT;Lingtsang;;;;;;;;;;;x;
LGT_ADJ;Lingtsangese;;;;;;;;;;;x;
CHJ;Chuosijia;;;;;;;;;;;x;
CHJ_ADJ;Chuosijian;;;;;;;;;;;x;
TSM;Meu;;;;;;;;;;;x;
TSM_ADJ;Meu;;;;;;;;;;;x;
SMT;Suomo;;;;;;;;;;;x;
SMT_ADJ;Suomo;;;;;;;;;;;x;
LBR;Labrung;;;;;;;;;;;x;
LBR_ADJ;Labrung;;;;;;;;;;;x;
CHN;Choni;;;;;;;;;;;x;
CHN_ADJ;Choni;;;;;;;;;;;x;
BTH;Bathong;;;;;;;;;;;x;
BTH_ADJ;Bathong;;;;;;;;;;;x;
LTH;Lithang;;;;;;;;;;;x;
LTH_ADJ;Lithang;;;;;;;;;;;x;
CKL;Chakla;;;;;;;;;;;x;
CKL_ADJ;Chakla;;;;;;;;;;;x;
TML;Muli;;;;;;;;;;;x;
TML_ADJ;Muli;;;;;;;;;;;x;
NGG;Ninglang;;;;;;;;;;;x;
NGG_ADJ;Ninglang;;;;;;;;;;;x;
KHT;Khoshuud;;;;;;;;;;;x;
KHT_ADJ;Khoshuud;;;;;;;;;;;x;
MTS;Miao States;;;;;;;;;;;x;
MTS_ADJ;Miao;;;;;;;;;;;x;
SDG;Shuidong;;;;;;;;;;;x;
SDG_ADJ;Shuidong;;;;;;;;;;;x;
MGE;Mu'ege;;;;;;;;;;;x;
MGE_ADJ;Mu'ege;;;;;;;;;;;x;
KKG;Kokang;;;;;;;;;;;x;
KKG_ADJ;Kokang;;;;;;;;;;;x;
CGH;Chianghung;;;;;;;;;;;x;
CGH_ADJ;Chianghung;;;;;;;;;;;x;
MGN;Manglon;;;;;;;;;;;x;
MGN_ADJ;Manglon;;;;;;;;;;;x;
KGT;Kengtung;;;;;;;;;;;x;
KGT_ADJ;Kengtung;;;;;;;;;;;x;
MGP;Mongpan;;;;;;;;;;;x;
MGP_ADJ;Mongpan;;;;;;;;;;;x;
LWK;Lawksawk;;;;;;;;;;;x;
LWK_ADJ;Lawksawk;;;;;;;;;;;x;
HSW;Hsipaw;;;;;;;;;;;x;
HSW_ADJ;Hsipaw;;;;;;;;;;;x;
MGM;Mongmit;;;;;;;;;;;x;
MGM_ADJ;Mongmit;;;;;;;;;;;x;
HSN;Hsenwi;;;;;;;;;;;x;
HSN_ADJ;Hsenwi;;;;;;;;;;;x;
SHA;Taunggyi;;;;;;;;;;;x;
SHA_ADJ;Taunggyi;;;;;;;;;;;x;
UYG;Uyghurstan;;;;;;;;;;;;;x
UYG_ADJ;Uyghur;;;;;;;;;;;;;x
UYG_absolute_monarchy;Moghulestan;;;;;;;;;;;;;x
UYG_prussian_constitutionalism;Moghulestan;;;;;;;;;;;;;x
UYG_colonial_company;Moghulestan;;;;;;;;;;;;;x
UYG_hms_government;Moghulestan;;;;;;;;;;;;;x
UYG_absolute_monarchy_ADJ;Moghulestan;;;;;;;;;;;;;x
UYG_prussian_constitutionalism_ADJ;Moghulestan;;;;;;;;;;;;;x
UYG_colonial_company_ADJ;Moghulestan;;;;;;;;;;;;;x
UYG_hms_government_ADJ;Moghul;;;;;;;;;;;;;x
AFG;Pashtunistan;;;;;;;;;;;;;x
AFG_ADJ;Pashtun;;;;;;;;;;;;;x
AFG_absolute_monarchy;Zoraki Emirate;;;;;;;;;;;;;x
AFG_prussian_constitutionalism;Zoraki Emirate;;;;;;;;;;;;;x
AFG_hms_government;Zoraki Emirate;;;;;;;;;;;;;x
AFG_absolute_monarchy_ADJ;Zoraki;;;;;;;;;;;;;x
AFG_prussian_constitutionalism_ADJ;Zoraki;;;;;;;;;;;;;x
AFG_colonial_company_ADJ;Zoraki;;;;;;;;;;;;;x
AFG_hms_government_ADJ;Zoraki;;;;;;;;;;;;;x
KBD;Karbadia;;;;;;;;;;;;;x
KBD_ADJ;Karbadian;;;;;;;;;;;;;x
KBD_absolute_monarchy;Principality of Karbadia;;;;;;;;;;;;;x
KBD_prussian_constitutionalism;Principality of Karbadia;;;;;;;;;;;;;x
KBD_hms_government;Principality of Karbadia;;;;;;;;;;;;;x
CIR;Circassia;;;;;;;;;;;;;x
CIR_ADJ;Circassian;;;;;;;;;;;;;x
CIR_absolute_monarchy;Principality of Circassia;;;;;;;;;;;;;x
CIR_prussian_constitutionalism;Principality of Circassia;;;;;;;;;;;;;x
CIR_hms_government;Principality of Circassia;;;;;;;;;;;;;x
ABZ;Abaza;;;;;;;;;;;;;x
ABZ_ADJ;Abazin;;;;;;;;;;;;;x
CAN;Vinland;;;;;;;;;;;;;x
CAN_ADJ;Vinlandian;;;;;;;;;;;;;x
CAN_absolute_monarchy;Vinland;;;;;;;;;;;;;x
CAN_prussian_constitutionalism;Vinland;;;;;;;;;;;;;x
CAN_colonial_company;Vinland Company;;;;;;;;;;;;;x
CAN_hms_government;Vinland;;;;;;;;;;;;;x
ZNI;Zuni;;;;;;;;;;;x;
ZNI_ADJ;Zuni;;;;;;;;;;;x
NBE;Nambe;;;;;;;;;;;x;
NBE_ADJ;Nambe;;;;;;;;;;;x
CCT;Cochiti;;;;;;;;;;;x;
CCT_ADJ;Cochiti;;;;;;;;;;;x
ISL;Isleta;;;;;;;;;;;x;
ISL_ADJ;Isleta;;;;;;;;;;;x
TSC;Tuscany;x
TSC_ADJ;Tuscan;x
PIE;Piedmont;x
PIE_ADJ;Piedmonese;x
PRO;Provance;x
PRO_democracy;Marsillie Republic;x
PRO_ADJ;Provance;x
GOD;Kingdom of God;x
GOD_ADJ;Holy;x
TSR;Tuscarora;;;;;;;;;;;x;
TSR_colonial_company;Tuscarora Reservation;;;;;;;;;;;x;
TSR_ADJ;Tuscaroran;;;;;;;;;;;x
NTC;Nanticoke;;;;;;;;;;;x;
NTC_colonial_company;Nanticoke Reservation;;;;;;;;;;;x;
NTC_ADJ;Nanticoke;;;;;;;;;;;x
MKG;Muskogee;;;;;;;;;;;x;
MKG_ADJ;Muskogee;;;;;;;;;;;x
HKK;Emirate of Hakkari;;;;;;;;;;;x;
HKK_ADJ;Hakkari;;;;;;;;;;;x
SRN;Emirate of Soran;;;;;;;;;;;x;
SRN_ADJ;Sorani;;;;;;;;;;;x;
BDN;Emirate of Bahdinan;;;;;;;;;;;x;
BDN_ADJ;Bahdinani;;;;;;;;;;;x;
BNB;Principality of Baban;;;;;;;;;;;x;
BNB_ADJ;Babani;;;;;;;;;;;x;
RDL;Principality of Ardalan;;;;;;;;;;;x;
RDL_ADJ;Ardalani;;;;;;;;;;;x;
LZG;Lezgia;;;;;;;;;;;x;
LZG_ADJ;Lezgian;;;;;;;;;;;x
KTG;Qarakaitag;;;;;;;;;;;x;
KTG_ADJ;Qarakaitag;;;;;;;;;;;x
TSK;Tsakhur;;;;;;;;;;;x;
TSK_ADJ;Tsakhur;;;;;;;;;;;x;
KHL;Emirate of Shirvan;;;;;;;;;;;x;
KHL_ADJ;Emirate of Shirvan;;;;;;;;;;;x
BYT_absolute_monarchy;Khanate of Nishapur;;;;;;;;;;;x;
BYT;Bayat;;;;;;;;;;;x;
BYT_ADJ;Bayat;;;;;;;;;;;x;
QRI_absolute_monarchy;Qara'i Khanate;;;;;;;;;;;x;
QRI;Qara'i;;;;;;;;;;;x;
QRI_ADJ;Qara'i;;;;;;;;;;;x;
HRT_conservative;Banu Ka'ab;;;;;;;;;;;x;
HRZ_theocracy;Tawaniyya;;;;;;;;;;;x;
HRZ;Hazaristan;;;;;;;;;;;x;
HRZ_ADJ;Hazari;;;;;;;;;;;x;
KST_absolute_monarchy;Khozeimeh Amirdom;;;;;;;;;;;x;
KST_absolute_monarchy_ADJ;Khozeimegi;;;;;;;;;;;x;
KST;Qa'inat;;;;;;;;;;;x;
KST_ADJ;Qa'inati;;;;;;;;;;;x;
MSM_absolute_monarchy;Mishmast Amirdom;;;;;;;;;;;x;
MSM;Mishmast;;;;;;;;;;;x;
MSM_ADJ;Mishmast;;;;;;;;;;;x;
AFS_absolute_monarchy;Khanate of Merv;;;;;;;;;;;x;
AFS;Afsharid;;;;;;;;;;;x;
AFS_ADJ;Afshar;;;;;;;;;;;x;
MHL_absolute_monarchy;Moghol Khanate;;;;;;;;;;;x;
MHL;Moghol;;;;;;;;;;;x;
MHL_ADJ;Moghol;;;;;;;;;;;x;
BRL_absolute_monarchy;Khanate of Qumis;;;;;;;;;;;x;
BRL;Baharlu;;;;;;;;;;;x;
BRL_ADJ;Baharlu;;;;;;;;;;;x;
UZB_absolute_monarchy;Ozbeg Horde;;;;;;;;;;;x;
UZB;Ozbegistan;;;;;;;;;;;x;
UZB_ADJ;Ozbeg;;;;;;;;;;;x;
KYR_absolute_monarchy;Kyrgyz Khanate;;;;;;;;;;;x;
KYR;Kyrgyzstan;;;;;;;;;;;x;
KYR_ADJ;Kyrgyz;;;;;;;;;;;x;
MTH;Athos;;;;;;;;;;;x;
MTH_ADJ;Athonite;;;;;;;;;;;x;
THY;Thessaly;;;;;;;;;;;x;
THY_ADJ;Thessalian;;;;;;;;;;;x;
GRP;Gropaj;;;;;;;;;;;x;
GRP_ADJ;Gropaji;;;;;;;;;;;x;
THP;Thopia;;;;;;;;;;;x;
THP_ADJ;Thopian;;;;;;;;;;;x;
MRD;Mirdita;;;;;;;;;;;x;
MRD_ADJ;Mirditan;;;;;;;;;;;x;
ZHR;Zaharia;;;;;;;;;;;x;
ZHR_ADJ;Zaharian;;;;;;;;;;;x;
WAL;Pecenakia;;;;;;;;;;;x;
WAL_ADJ;Pecenakian;;;;;;;;;;;x;
HEK;Thuringia-Kassel;;;;;;;;;;;x;
HEK_ADJ;Thuringian;;;;;;;;;;;x;
BLL;Bouillon;;;;;;;;;;;x;
BLL_ADJ;Bouillonian;;;;;;;;;;;x;
OSN;Osnabrück;;;;;;;;;;;x;
OSN_ADJ;Osnabrückan;;;;;;;;;;;x;
SMM;Simmern;;;;;;;;;;;x;
SMM_ADJ;Simmern;;;;;;;;;;;x;
MAG;Magdeburg;;;;;;;;;;;x;
MAG_ADJ;Magdeburger;;;;;;;;;;;x;
MAI;Mainz;;;;;;;;;;;x;
MAI_ADJ;Mainz;;;;;;;;;;;x;
MSN;Misna;;;;;;;;;;;x;
MSN_ADJ;Misna;;;;;;;;;;;x;
LUS;Lusatia;;;;;;;;;;;x;
LUS_ADJ;Lusatian;;;;;;;;;;;x;
LBZ;Lubusz;;;;;;;;;;;x;
LBZ_ADJ;Lubuszan;;;;;;;;;;;x;
POM;Pomerania;;;;;;;;;;;x;
POM_ADJ;Pomeranian;;;;;;;;;;;x;
HNB;Henneberg-Coburg;;;;;;;;;;;x;
HNB_ADJ;Henneberg-Coburg;;;;;;;;;;;x;
BGU;Baden-Freiburg;;;;;;;;;;;x;
BGU_ADJ;Baden-Freiburg;;;;;;;;;;;x;
BAD;Baden-Alsace;;;;;;;;;;;x;
BAD_ADJ;Baden-Alsatian;;;;;;;;;;;x;
KNZ;Konstanz;;;;;;;;;;;x;
KNZ_ADJ;Konstanzian;;;;;;;;;;;x;
ULM;Ulm;;;;;;;;;;;x;
ULM_ADJ;Ulmer;;;;;;;;;;;x;
SPY;Speyer;;;;;;;;;;;x;
SPY_ADJ;Speyer;;;;;;;;;;;x;
ZWB;Zweibrücken;;;;;;;;;;;x;
ZWB_ADJ;Zweibrücken;;;;;;;;;;;x;
ANS;Ansbach;;;;;;;;;;;x;
ANS_ADJ;Ansbacher;;;;;;;;;;;x;
SAL;Salzburg;;;;;;;;;;;x;
SAL_ADJ;Salzburger;;;;;;;;;;;x;
BRX;Brixen;;;;;;;;;;;x;
BRX_ADJ;Brixen;;;;;;;;;;;x;
JSZ;Jaszag;;;;;;;;;;;x;
JSZ_ADJ;Jaszag;;;;;;;;;;;x;
ROT;Rothenburg;;;;;;;;;;;x;
ROT_ADJ;Rothenburger;;;;;;;;;;;x;
BAY;Bayreuth;;;;;;;;;;;x;
BAY_ADJ;Bayreuther;;;;;;;;;;;x;
BMB;Bamberg;;;;;;;;;;;x;
BMB_ADJ;Bamberger;;;;;;;;;;;x;
MBG;Amberg;;;;;;;;;;;x;
MBG_ADJ;Amberger;;;;;;;;;;;x;
TIR;Tyrol;;;;;;;;;;;x;
TIR_ADJ;Tyrolian;;;;;;;;;;;x;
FSN;Freising;;;;;;;;;;;x;
FSN_ADJ;Freisinger;;;;;;;;;;;x;
MMG;Memmingen;;;;;;;;;;;x;
MMG_ADJ;Memmingen;;;;;;;;;;;x;
LDH;Landshut;;;;;;;;;;;x;
LDH_ADJ;Landshut;;;;;;;;;;;x;
INL;Ingolstadt;;;;;;;;;;;x;
INL_ADJ;Ingolstädter;;;;;;;;;;;x;
NRG;Neuburg;;;;;;;;;;;x;
NRG_ADJ;Neuburger;;;;;;;;;;;x;
NRM;Triple Alliance;;;;;;;;;;;x;
NRM_ADJ;Nürnberger;;;;;;;;;;;x;
ZNB;Zenebishi;;;;;;;;;;;x;
ZNB_absolute_monarchy;League of Gjirokastra;;;;;;;;;;;x;
ZNB_absolute_monarchy_ADJ;Gjirokastran;;;;;;;;;;;x;
ZNB_ADJ;Zenebishi;;;;;;;;;;;x;
AOM;Aromania;;;;;;;;;;;x; 
AOM_colonial_company;Principality of Aminciu;;;;;;;;;;;x;
AOM_ADJ;Aromanian;;;;;;;;;;;x;
NPT;Neo-Parthia;;;;;;;;;;;;;x
NPT_ADJ;Pahlawi;;;;;;;;;;;;;x
NPT_absolute_monarchy;Neo-Parthian Empire;;;;;;;;;;;;;x
NPT_prussian_constitutionalism;Neo-Parthian Empire;;;;;;;;;;;;;x
NPT_hms_government;Neo-Parthian Empire;;;;;;;;;;;;;x
NPT_proletarian_dictatorship;Iranian Peoples Republic;;;;;;;;;;;;;x;
NPT_proletarian_dictatorship_ADJ;Iranian;;;;;;;;;;;;;x;
NPT_presidential_dictatorship;Neo-Parthian Empire;;;;;;;;;;;;;x;
NPT_bourgeois_dictatorship;Iranian Revolutionary Republic;;;;;;;;;;;;;x;
NPT_bourgeois_dictatorship_ADJ;Iranian;;;;;;;;;;;;;x;
NPT_fascist_dictatorship;Eranshahr;;;;;;;;;;;;;x;
NPT_fascist_dictatorship_ADJ;Iranian;;;;;;;;;;;;;x;
NPT_democracy;Iran;;;;;;;;;;;;;x;
NPT_democracy_ADJ;Iranian;;;;;;;;;;;;;x;
GAL;Galich;;;;;;;;;;;x;
GAL_ADJ;Galichian;;;;;;;;;;;x;
VYA;Vyazma;;;;;;;;;;;x;
VYA_ADJ;Vyazman;;;;;;;;;;;x;
VLA;Vladimir;;;;;;;;;;;x;
VLA_ADJ;Vladimir;;;;;;;;;;;x;
PEN;Penza;;;;;;;;;;;x;
PEN_ADJ;Penza;;;;;;;;;;;x;
NNO;Nizhny Novgorod;;;;;;;;;;;x;
NNO_ADJ;Nizhegorodian;;;;;;;;;;;x;
QAS;Qaism;;;;;;;;;;;x;
QAS_ADJ;Qaism;;;;;;;;;;;x;
QAS_absolute_monarchy;Qaism Khanate;;;;;;;;;;;x;
BYE;Vitebsk;;;;;;;;;;;x;
BYE_ADJ;Vitebskian;;;;;;;;;;;x;
VOR;Voronezh;;;;;;;;;;;x;
VOR_ADJ;Voronezhian;;;;;;;;;;;x;
MVI;Mordovia;;;;;;;;;;;x;
MVI_ADJ;Mordovian;;;;;;;;;;;x;
MRL;Mari El;;;;;;;;;;;x;
MRL_ADJ;Mari;;;;;;;;;;;x;
KHY;Khlynov;;;;;;;;;;;x;
KHY_ADJ;Khlynovian;;;;;;;;;;;x;
DRU;Drutsk;;;;;;;;;;;x;
DRU_ADJ;Drutskian;;;;;;;;;;;x;
KOM;Komi;;;;;;;;;;;x;
KOM_ADJ;Komi;;;;;;;;;;;x;
UMN;Uman;;;;;;;;;;;x;
UMN_absolute_monarchy;Uman Host;;;;;;;;;;;;x
UMN_hms_government;Uman Host;;;;;;;;;;;;x
UMN_prussian_constitutionalism;Uman Host;;;;;;;;;;;;x
UMN_ADJ;Uman;;;;;;;;;;;x;
GZA;Gazaria;;;;;;;;;;;x;
GZA_ADJ;Gazarian;;;;;;;;;;;x;
ZND;Seven Zenden;;;;;;;;;;;x;
ZND_ADJ;Zendener;;;;;;;;;;;x;
TLG;Three Leagues;;;;;;;;;;;x;
TLG_ADJ;Three Leaguer;;;;;;;;;;;x;