scythian;Ironi;;;;;;;;;;;;;x
scythian;Ironi;;;;;;;;;;;;;x
burgundian;Burgundian;;;;;;;;;;;;;x
asturleonese;Asturleonese;;;;;;;;;;;;;x
norse_gaelic;Austmennsk;;;;;;;;;;;;;x
ojibwe;Ojiwbe;;;;;;;;;;;;;x
shawnee;Shawnee;;;;;;;;;;;;;x
dakota;Sioux;;;;;;;;;;;;;x
mexicain;Mexicain;;;;;;;;;;;;;x
azeri;Azeri;;;;;;;;;;;;;x
adari;Adari;;;;;;;;;;;;;x
illinois;Illinewek;;;;;;;;;;;;;x
vinlander;Vinlandian;;;;;;;;;;;;;x
amerikaner;Batavian;;;;;;;;;;;;;x
aquitan;Aquitan;;;;;;;;;;;;;x
central_american;Centrale;;;;;;;;;;;;;x
haraldian;Haraldian;;;;;;;;;;;;;x
argentinian;Argentinier;;;;;;;;;;;;;x
amazuni;Amassunayi;;;;;;;;;;;;;x
brazili;Humri;;;;;;;;;;;;;x
mozarabic;Mozarabic;;;;;;;;;;;;;x
libi;Libi;;;;;;;;;;;;;x
frisian;Frisian;;;;;;;;;;;;;x
hindi;Hindustani;;;;;;;;;;;;;x
pruthenian;Pruthenian;;;;;;;;;;;;;x
aragonese;Aragonese;;;;;;;;;;;;;x
spanish;Castilian;;;;;;;;;;;;;x
algaravian;Andalusi;;;;;;;;;;;;;x
afro_germanic;Afro Germanic;;;;;;;;;;;;;x
iberiano;Iberiano;;;;;;;;;;;;;x
lurish;Lurish;;;;;;;;;;;;;x
mazanderani;Mazanderani;;;;;;;;;;;;;x
norn;Norn;;;;;;;;;;;;;x
ukrainian;Ruthenian;;;;;;;;;;;;;x
janubi;Budjari;;;;;;;;;;;;;x
swiss_german;Central German;;;;;;;;;;;;;x
turkish;Turkoman;;;;;;;;;;;;;x
north_german;Lower German;;;;;;;;;;;;;x
south_german;Upper German;;;;;;;;;;;;;x
norman;Norman;;;;;;;;;;;;x
siqilli;Siqilli;;;;;;;;;;;;x
griko;Griko;;;;;;;;;;;;x
cuman;Cuman;;;;;;;;;;;;x
jassic;Jász;;;;;;;;;;;;x
new_scots;New Scots;;;;;;;;;;;;x
dutch;Lower Frankish;;;;;;;;;;;;x
ashkenazi;Yiddish;;;;;;;;;;;;x
venetian;Veneto-Dalmatian;;;;;;;;;;;;x
tuscan;Tusco-Corsican;;;;;;;;;;;;x
north_italian;Galloitalian;;;;;;;;;;;;x
sardinian;Sardinian;;;;;;;;;;;;x
torlakian;Torlakian;;;;;;;;;;;;x
shtokavian;Shtokavian;;;;;;;;;;;;x
kaykavian;Kaykavian;;;;;;;;;;;;x
chakavian;Chakavian;;;;;;;;;;;;x
makedonian;Makedonian;;;;;;;;;;;;x
silesian;Silesian;;;;;;;;;;;;x
crimean_tatar;Qirimi;;;;;;;;;;;;x
bulgar_tatar;Idel-Ural Tatar;;;;;;;;;;;;x
astrakhan_tatar;Astrakhani;;;;;;;;;;;;x
sibir_tatar;Sibiri;;;;;;;;;;;;x
tuvan;Tywa;;;;;;;;;;;;x
albanian;Gheg;;;;;;;;;;;;x
tosk;Tosk;;;;;;;;;;;;x
englisk;Anglisk;;;;;;;;;;;;x
scots;Scots;;;;;;;;;;;;x
british;Sexish;;;;;;;;;;;;x
courish;Courish;;;;;;;;;;;;x
kashubian;Kashubian;;;;;;;;;;;;x
sorbian;Sorbian;;;;;;;;;;;;x
western_slavic;Veletian;;;;;;;;;;;;x
novgorodian;Novgorodian;;;;;;;;;;;;x
chuvashian;Chuvashi;;;;;;;;;;;;x
russian;Muscovite;;;;;;;;;;;;x
laz;Laz;;;;;;;;;;;;x
megrelian;Megrelian;;;;;;;;;;;;x
svan;Svan;;;;;;;;;;;;x
abkhaz;Abkhaz;;;;;;;;;;;;x
ubykh;Ubykh;;;;;;;;;;;;x
circassian;Adyghe;;;;;;;;;;;;x
kabardian;Kabardian;;;;;;;;;;;;x
ingush;Ingush;;;;;;;;;;;;x
avar;Avar;;;;;;;;;;;;x
dargin;Dargin;;;;;;;;;;;;x
andi_didoic;Andi-Didoic;;;;;;;;;;;;x
lezgic;Lez;;;;;;;;;;;;x
u_tsang;Ü-Tsang;;;;;;;;;;;;x
amdo;Amdo;;;;;;;;;;;;x
kham;Kham;;;;;;;;;;;;x
kuki_chin;Kuki-Chin;;;;;;;;;;;;x
champa;Champa;;;;;;;;;;;;x
rungic;Rungic;;;;;;;;;;;;x
boro_garo;Boro-Garo;;;;;;;;;;;;x
dayak;Dayak;;;;;;;;;;;;x
aslian;Aslian;;;;;;;;;;;;x
zaza;Zaza;;;;;;;;;;;;x
kurmanji;Kurmanji;;;;;;;;;;;;x
sorani;Sorani;;;;;;;;;;;;x
kurdish;Kalhuri;;;;;;;;;;;;x
gorani;Gorani;;;;;;;;;;;;x
pamiri;Wakhi;;;;;;;;;;;;x
chaghatay;Gurkani;;;;;;;;;;;;x
badakhshani;Badakhshani;;;;;;;;;;;;x
nuristani;Nuristani;;;;;;;;;;;;x
nogay_tatar;Nogai;;;;;;;;;;;;x
rusyn;Rusyn;;;;;;;;;;;;x
karaim;Karaim;;;;;;;;;;;;x
tatlar;Crimean Greek;;;;;;;;;;;;x
mishar;Qasimi;;;;;;;;;;;;x
oirat;Oirat;;;;;;;;;;;;x
buryat;Buryat;;;;;;;;;;;;x
tumed;Tumed;;;;;;;;;;;;x
ordos;Ordos;;;;;;;;;;;;x
jin;Jin;;;;;;;;;;;;x
xiang;Xiang;;;;;;;;;;;;x
gondi;Gondi;;;;;;;;;;;;x
munda;Munda;;;;;;;;;;;;x
khasi;Khasi;;;;;;;;;;;;x
mon;Mon;;;;;;;;;;;;x
lavonic;Lavo;;;;;;;;;;;;x
pear;Pearic;;;;;;;;;;;;x
bahnar;Bahnaric;;;;;;;;;;;;x
katu;Katuic;;;;;;;;;;;;x
khmu;Khmuic;;;;;;;;;;;;x
lawa;Lawa;;;;;;;;;;;;x
hmong;Hmong;;;;;;;;;;;;x
mien;Mien;;;;;;;;;;;;x
tai;Tai;;;;;;;;;;;;x
lue;Lue;;;;;;;;;;;;x
gan;Gann;;;;;;;;;;;;x
beifaren;Mandarin;;;;;;;;;;;;x
wu;Wu;;;;;;;;;;;;x
daur;Dagur;;;;;;;;;;;;x
even;Even;;;;;;;;;;;;x
evenk;Evenk;;;;;;;;;;;;x
yukaghir;Yukaghir;;;;;;;;;;;;x
chukotkan;Chukotkan;;;;;;;;;;;;x
kamchatkan;Kamchatkan;;;;;;;;;;;;x
nganasan;Nganasan;;;;;;;;;;;;x
dolgan;Dolgan;;;;;;;;;;;;x
yeniseic;Yeniseic;;;;;;;;;;;;x
nenets;Nenets;;;;;;;;;;;;x
enets;Enets;;;;;;;;;;;;x
khanty;Khanty;;;;;;;;;;;;x
mansi;Mansi;;;;;;;;;;;;x
komi;Komi;;;;;;;;;;;;x
ingrian;Ingrian;;;;;;;;;;;;x
karelian;Karelien;;;;;;;;;;;;x
veps;Veps;;;;;;;;;;;;x
mari;Mari;;;;;;;;;;;;x
udmurt;Udmurt;;;;;;;;;;;;x
mordvin;Mordvin;;;;;;;;;;;;x
goljad;Goljad;;;;;;;;;;;;x
shor;Shor;;;;;;;;;;;;x
chulym;Chulym;;;;;;;;;;;;x
tofa;Tofa;;;;;;;;;;;;x
sayan;Sayan;;;;;;;;;;;;x
khaka;Khakas;;;;;;;;;;;;x
altai;Altai-Tuba;;;;;;;;;;;;x
paulang_wa;Paulang-Wa;;;;;;;;;;;;x
dalecarlian;Dalecarlian;;;;;;;;;;;;x
kazak;Karakalpak;;;;;;;;;;;;x
tat;Tat;;;;;;;;;;;;x
alvuanian;Udi;;;;;;;;;;;;x
kivruli;Kivruli;;;;;;;;;;;;x
meskheti;Meskheti;;;;;;;;;;;;x
deylemi;Tatic;;;;;;;;;;;;x
gilaki;Gilaki;;;;;;;;;;;;x
talysh;Talysh;;;;;;;;;;;;x
semnani;Semnani;;;;;;;;;;;;x
khorasani;Khorasan Turki;;;;;;;;;;;;x
arab_khorasani;Khorasan Arabic;;;;;;;;;;;;x
kuhmareyi;Fars Dialects;;;;;;;;;;;;x
larestani;Larestani;;;;;;;;;;;;x
bashkardi;Bashkardi;;;;;;;;;;;;x
khalaj;Khalaj;;;;;;;;;;;;x
qashqai;Qashqai;;;;;;;;;;;;x
brahui;Brahui;;;;;;;;;;;;x
tawlula;Tawlula;;;;;;;;;;;;x
hazara;Yidgha-Munja;;;;;;;;;;;;x
shugni;Shugni-Yazgulami;;;;;;;;;;;;x
sanglechi;Sanglechi-Ishkashimi;;;;;;;;;;;;x
yaghnobi;Yaghnobi;;;;;;;;;;;;x
burushaski;Burushaski;;;;;;;;;;;;x
kumyk;Kumyk;;;;;;;;;;;;x
dari;Dari;;;;;;;;;;;;x
persian;Farsi;;;;;;;;;;;;x
moghol;Moghol;;;;;;;;;;;;x
rumi;Greco-Turkish;;;;;;;;;;;;x
kashmiri;Dardic;;;;;;;;;;;;x
levantine;Shami;;;;;;;;;;;;x
mashriqi;Iraqi;;;;;;;;;;;;x
najdi_arabic;Najdi;;;;;;;;;;;;x
gulf_arabic;Khaliji;;;;;;;;;;;;x
hejazi_arabic;Hijazi;;;;;;;;;;;;x
mehri;Mehri;;;;;;;;;;;;x
yemeni_arabic;Yemeni;;;;;;;;;;;;x
hobyot;Hobyot;;;;;;;;;;;;x
jibbali;Jibbali;;;;;;;;;;;;x
bathari;Bathari;;;;;;;;;;;;x
harsusi;Harsusi;;;;;;;;;;;;x
soqotri;Soqotri;;;;;;;;;;;;x
bedouin;Badawi;;;;;;;;;;;;x
khuzestani;Khuzestani;;;;;;;;;;;;x
assyrian;Neo-Aramaic;;;;;;;;;;;;x
judeo_arabic;Judeo-Arabic;;;;;;;;;;;;x
saidi_arabic;Sa'idi;;;;;;;;;;;;x
yunani;Yunani;;;;;;;;;;;;x
cappadocian;Cappadocian Greek;;;;;;;;;;;;x
raji;Raji;;;;;;;;;;;;x
mamluki;Mamluki;;;;;;;;;;;;x
maltese;Malti;;;;;;;;;;;;x
yevanic;Yevanic;;;;;;;;;;;;x
ormuri;Ormuri–Parachi;;;;;;;;;;;;x
harari;Hareri;;;;;;;;;;;;x
cushitic;Cushitic Minor;;;;;;;;;;;;x
agaw;Agaw;;;;;;;;;;;;x
tigray;Tigre;;;;;;;;;;;;x
tigrinya;Tigrinya;;;;;;;;;;;;x
silte;Silt'e;;;;;;;;;;;;x
beta_isreal;Ibrawi;;;;;;;;;;;;x
gumuz;Gumuz;;;;;;;;;;;;x
koman;Koman;;;;;;;;;;;;x
yotvingian;Yotvingian;;;;;;;;;;;;x
galindian;Galindian;;;;;;;;;;;;x
qomani;Qomani;;;;;;;;;;;;x
tsakonian;Tsakonian;;;;;;;;;;;;x
shirazi;Shirazi;;;;;;;;;;;;x
nguni;Venda;;;;;;;;;;;;x
tonga;Tswa-Ronga;;;;;;;;;;;;x
lomwe;Ngoni;;;;;;;;;;;;x
lozi;Lozi;;;;;;;;;;;;x
ndebele;Ndebele;;;;;;;;;;;;x
khoisan;Khoe;;;;;;;;;;;;x
kxa_khoi;Kx'a;;;;;;;;;;;;x
taa_khoi;Taa-Nllng;;;;;;;;;;;;x
sandawe;Sandawe;;;;;;;;;;;;x
hadza;Hadza;;;;;;;;;;;;x
lala;Lala-Bisa;;;;;;;;;;;;x
bemba;Bemba;;;;;;;;;;;;x
aushi;Aushi;;;;;;;;;;;;x
lamba;Lamba;;;;;;;;;;;;x
taabwa;Taabwa;;;;;;;;;;;;x
zambezi;Tonga;;;;;;;;;;;;x
lenje;Lenje;;;;;;;;;;;;x
kavango;Kavango;;;;;;;;;;;;x
bakongo;Kongo;;;;;;;;;;;;x
evenki;Evenki;;;;;;;;;;;;x
holu;Holu;;;;;;;;;;;;x
yaka;Yaka;;;;;;;;;;;;x
ovambo;Ovambo;;;;;;;;;;;;x
kimbundu;Kimbundu;;;;;;;;;;;;x
teke;Teke;;;;;;;;;;;;x
yanzi;Yanzi;;;;;;;;;;;;x
pende;Phende;;;;;;;;;;;;x
kwese;Kwese;;;;;;;;;;;;x
mbala;Mbala;;;;;;;;;;;;x
ding;Ding;;;;;;;;;;;;x
songe;Songe;;;;;;;;;;;;x
kuba;Bushoong;;;;;;;;;;;;x
hemba;Hemba;;;;;;;;;;;;x
tetela;Tetela;;;;;;;;;;;;x
yela_kela;Yela-Kela;;;;;;;;;;;;x
rukwe;Rukwa;;;;;;;;;;;;x
nyasa;Tumbuka;;;;;;;;;;;;x
yao;Yao;;;;;;;;;;;;x
makonde;Makonde;;;;;;;;;;;;x
rufiji;Rufiji;;;;;;;;;;;;x
hehe;Hehe;;;;;;;;;;;;x
comori;Comori;;;;;;;;;;;;x
ruvu;Ruvu;;;;;;;;;;;;x
nyaturu;Nyaturu;;;;;;;;;;;;x
unyamwezi;Nyamwezi;;;;;;;;;;;;x
tongwe;Tongwe;;;;;;;;;;;;x
bende;Bende;;;;;;;;;;;;x
sumbwa;Sumbwa;;;;;;;;;;;;x
haya;Haya;;;;;;;;;;;;x
nyambo;Nyambo;;;;;;;;;;;;x
swahili_arabic;Swahili Arabic;;;;;;;;;;;;x
nkore;Nkore;;;;;;;;;;;;x
tooro;Tooro;;;;;;;;;;;;x
konzo;Konzo;;;;;;;;;;;;x
maasai;Maasai;;;;;;;;;;;;x
zigula;Zigula;;;;;;;;;;;;x
shambala;Shambala;;;;;;;;;;;;x
kikuyu;Kikuyu;;;;;;;;;;;;x
kamba;Kamba;;;;;;;;;;;;x
mijikenda;Mijikenda;;;;;;;;;;;;x
mwani;Mwani;;;;;;;;;;;;x
suguti;Suguti;;;;;;;;;;;;x
logooli_kuria;Logooli-Kuria;;;;;;;;;;;;x
luhya;Luhya;;;;;;;;;;;;x
soga;Soga;;;;;;;;;;;;x
nyoro;Nyoro;;;;;;;;;;;;x
bali;Bali;;;;;;;;;;;;x
komo;Komo;;;;;;;;;;;;x
lega;Lega;;;;;;;;;;;;x
zimba;Zimba;;;;;;;;;;;;x
shi_havu;Shi-Havu;;;;;;;;;;;;x
mituku;Mituku;;;;;;;;;;;;x
mbole;Mbole;;;;;;;;;;;;x
ngando;Ngando;;;;;;;;;;;;x
kele_foma;Kele-Foma;;;;;;;;;;;;x
poke;Poke;;;;;;;;;;;;x
lengola;Lengola;;;;;;;;;;;;x
lia_ntomba;Lia-Ntomba;;;;;;;;;;;;x
sakata;Sakata;;;;;;;;;;;;x
ngiri;Ngiri;;;;;;;;;;;;x
ngombe;Ngombe;;;;;;;;;;;;x
budza;Budza;;;;;;;;;;;;x
losengo;Losengo;;;;;;;;;;;;x
bangi;Bangi;;;;;;;;;;;;x
bala;Bala;;;;;;;;;;;;x
mbati;Mbati;;;;;;;;;;;;x
makaa_njem;Makaa-Njem;;;;;;;;;;;;x
suundi;Suundi;;;;;;;;;;;;x
sira;Sira;;;;;;;;;;;;x
njebi;Njebi;;;;;;;;;;;;x
mbere;Mbere;;;;;;;;;;;;x
kele;Kele;;;;;;;;;;;;x
tsogo;Tsogo;;;;;;;;;;;;x
mbam;Mbam;;;;;;;;;;;;x
basaa;Basaa;;;;;;;;;;;;x
mbo;Mbo;;;;;;;;;;;;x
oroko;Oroko;;;;;;;;;;;;x
sawabantu;Sawabantu;;;;;;;;;;;;x
bube;Bube;;;;;;;;;;;;x
kogo;Kogo;;;;;;;;;;;;x
pare;Pare;;;;;;;;;;;;x
picard;Frankish;;;;;;;;;;;;x
franco_burgundian;Franco-Burgundian;;;;;;;;;;;;x
amorican;Amorican;;;;;;;;;;;;x
north_occitan;North Occitan;;;;;;;;;;;;x
occitan;South Occitan;;;;;;;;;;;;x
gascon;Gascon;;;;;;;;;;;;x
parlangian;Parlangian;;;;;;;;;;;;x
sudanese;Sudani;;;;;;;;;;;;x
chadic_arabic;Shuwa;;;;;;;;;;;;x
nubian;Nubian;;;;;;;;;;;;x
nara;Nara;;;;;;;;;;;;x
tama;Tama;;;;;;;;;;;;x
juba_arabic;Juba;;;;;;;;;;;;x
bor;Bor;;;;;;;;;;;x
veleti;Veleti;;;;;;;;;;;x
neo_mandeaic;Neo-Mandaic;;;;;;;;;;;x
berber;Tiwisit;;;;;;;;;;;x
tawjilit;Tawjilit;;;;;;;;;;;x
tasuknit;Tasuknit;;;;;;;;;;;x
nafusi;Nafusi;;;;;;;;;;;x
ghadames;Ghadames;;;;;;;;;;;x
jbali;Jbali;;;;;;;;;;;x
mzab_ourgla;Mzab-Wargla;;;;;;;;;;;x
tacawit;Tacawit;;;;;;;;;;;x
haqbaylit;Haqbaylit;;;;;;;;;;;x
seghrusheni;Seghrusheni;;;;;;;;;;;x
riffian;Tarifiyt;;;;;;;;;;;x
atlas_berber;Atlas Tamazight;;;;;;;;;;;x
kabyle;Taqbaylit;;;;;;;;;;;x
tuareg;Tamasheq;;;;;;;;;;;x
tuzzungiyya;Tuzzungiyya;;;;;;;;;;;x
guanche;Guanche;;;;;;;;;;;x
judeo_berber;Judeo-Amazight;;;;;;;;;;;x
tunesian_arabic;Tounsi;;;;;;;;;;;x
algerian_arabic;Dziria;;;;;;;;;;;x
saharan_arabic;Saharan Arabic;;;;;;;;;;;x
maures;Hassaniya;;;;;;;;;;;x
kunama;Kunama;;;;;;;;;;;x
kumzari;Kumzari;;;;;;;;;;;x
burun;Burun;;;;;;;;;;;x
nyala;Nyala;;;;;;;;;;;x
kordofan_daju;Kordofan-Daju;;;;;;;;;;;x
temein;Temein;;;;;;;;;;;x
kadu;Kadu;;;;;;;;;;;x
katla;Katla;;;;;;;;;;;x
lafofa;Lafofa;;;;;;;;;;;x
teqali;Teqali;;;;;;;;;;;x
heiban;Heiban;;;;;;;;;;;x
jur;Jur;;;;;;;;;;;x
thuri;Thuri;;;;;;;;;;;x
zaghawa;Zaghawa;;;;;;;;;;;x
daju;Daju;;;;;;;;;;;x
mondari;Mondari;;;;;;;;;;;x
bari;Bari;;;;;;;;;;;x
pojulu;Pojulu;;;;;;;;;;;x
acholi;Acholi;;;;;;;;;;;x
turkana_sampur;Turkana-Sampur;;;;;;;;;;;x
anywak;Anywak;;;;;;;;;;;x
teso;Teso;;;;;;;;;;;x
pokot;Pokot;;;;;;;;;;;x
datooga;Datooga;;;;;;;;;;;x
rangi;Rangi;;;;;;;;;;;x
iraqw;Iraqw;;;;;;;;;;;x
rendille;Rendille;;;;;;;;;;;x
mbosi;Mbosi;;;;;;;;;;;x
maghrebi;Darija;;;;;;;;;;;x
pashtun;Pashto;;;;;;;;;;;x
tula_waja;Tula-Waja;;;;;;;;;;;x
bikwin_jen;Bikwin-Jen;;;;;;;;;;;x
mumuye;Mumuye;;;;;;;;;;;x
yendang;Yendang;;;;;;;;;;;x
duru;Duru;;;;;;;;;;;x
mbum_day;Mbum-Day;;;;;;;;;;;x
ubangian;Gbaya;;;;;;;;;;;x
mba_ubangi;Mba;;;;;;;;;;;x
ngbaka;Ngbaka;;;;;;;;;;;x
ngbandi;Ngbandi;;;;;;;;;;;x
banda;Banda;;;;;;;;;;;x
sere;Sere;;;;;;;;;;;x
azande;Zande;;;;;;;;;;;x
ibibio;Ibibio;;;;;;;;;;;x
jukun;Jukun;;;;;;;;;;;x
jukunoid;Jukunoid;;;;;;;;;;;x
kainji;Kainji;;;;;;;;;;;x
platoid;Platoid;;;;;;;;;;;x
tiv;Tiv;;;;;;;;;;;x
mambilo;Mambilo;;;;;;;;;;;x
daka;Daka;;;;;;;;;;;x
ekoi;Ekoi;;;;;;;;;;;x
bebe;Bebe;;;;;;;;;;;x
bamileke;Bamileke;;;;;;;;;;;x
grassfield_minor;Grassfield Minor;;;;;;;;;;;x
east_kwa;Tikar;;;;;;;;;;;x
ijaw;Ijaw;;;;;;;;;;;x
phla_phera;Phla-Phera;;;;;;;;;;;x
gen;Gen;;;;;;;;;;;x
adja;Adja;;;;;;;;;;;x
ife_ede;Ife-Ede;;;;;;;;;;;x
mokole;Mokole;;;;;;;;;;;x
igala;Igala;;;;;;;;;;;x
itsekari;Isekeri;;;;;;;;;;;x
edo;Edo;;;;;;;;;;;x
edoid;Edoid;;;;;;;;;;;x
ibo;Igbo;;;;;;;;;;;x
igboid;Igboid;;;;;;;;;;;x
nupe;Nupe;;;;;;;;;;;x
ebira;Ebira;;;;;;;;;;;x
gwari;Gwari;;;;;;;;;;;x
idoma_etulo;Idoma-Etulo;;;;;;;;;;;x
gur;Gurma;;;;;;;;;;;x
mossi;Moore;;;;;;;;;;;x
birifor_dagara;Birifor-Dagara;;;;;;;;;;;x
dagbani;Dagbani;;;;;;;;;;;x
biali_waarma;Biali-Waarma;;;;;;;;;;;x
bwa;Bwamu;;;;;;;;;;;x
gurunsi;Gurunsi;;;;;;;;;;;x
koromfe;Koromfe;;;;;;;;;;;x
kirma_lobi;Kirma-Lobi;;;;;;;;;;;x
dogoso_khe;Dogoso-Khe;;;;;;;;;;;x
doghose_gan;Doghose-Gan;;;;;;;;;;;x
buli_konni;Buli-Konni;;;;;;;;;;;x
nawdm_yom;Nawdm-Yom;;;;;;;;;;;x
kulango;Kulango;;;;;;;;;;;x
bariba;Bariba;;;;;;;;;;;x
senufo;Suppire-Mamara;;;;;;;;;;;x
kaboro;Kaboro;;;;;;;;;;;x
senari;Senari;;;;;;;;;;;x
tagwana_djimini;Tagwana-Djimini;;;;;;;;;;;x
nafaanra;Nafaanra;;;;;;;;;;;x
western_nigritic;Dogon;;;;;;;;;;;x
dagbani;Dagbani;;;;;;;;;;;x
mano_dan;Mano-Dan;;;;;;;;;;;x
nwa_beng;Nwa-Beng;;;;;;;;;;;x
mande;Samo-Busa;;;;;;;;;;;x
bissa;Bissa;;;;;;;;;;;x
bobo;Bobo;;;;;;;;;;;x
jogo;Jogo;;;;;;;;;;;x
bambara;Manding;;;;;;;;;;;x
dyula;Mokole;;;;;;;;;;;x
samogo;Samogo;;;;;;;;;;;x
soninke;Soninke;;;;;;;;;;;x
bozo;Bozo;;;;;;;;;;;x
susu;Susu;;;;;;;;;;;x
yalunka;Yalunka;;;;;;;;;;;x
southwestern_mande;Southwestern Mande;;;;;;;;;;;x
vai_kono;Vai-Kono;;;;;;;;;;;x
bak_bidyogo;Bak-Bidyogo;;;;;;;;;;;x
fulbe;Fulani;;;;;;;;;;;x
serer;Serer;;;;;;;;;;;x
tenda;Tenda;;;;;;;;;;;x
jaad;Jaad;;;;;;;;;;;x
cangin;Cangin;;;;;;;;;;;x
nyum;Nyum;;;;;;;;;;;x
nalu;Nalu;;;;;;;;;;;x
temne;Temneh;;;;;;;;;;;x
baga;Baga;;;;;;;;;;;x
bom;Bom;;;;;;;;;;;x
sherbo;Sherbo;;;;;;;;;;;x
kissi;Kissi;;;;;;;;;;;x
gola;Gola;;;;;;;;;;;x
limba;Limba;;;;;;;;;;;x
kru;Kuwaa;;;;;;;;;;;x
bassa;Bassa;;;;;;;;;;;x
grebo;Grebo;;;;;;;;;;;x
klao;Klao;;;;;;;;;;;x
wee;Wee;;;;;;;;;;;x
bakwe;Bakwe;;;;;;;;;;;x
bete;Bete;;;;;;;;;;;x
dida;Dida;;;;;;;;;;;x
aizi;Aizi;;;;;;;;;;;x
siamou;Siamou;;;;;;;;;;;x
ebrie;Ebrie;;;;;;;;;;;x
mbatu;Mbatu;;;;;;;;;;;x
krobu;Krobu;;;;;;;;;;;x
abure;Abure;;;;;;;;;;;x
bia;Bia;;;;;;;;;;;x
guang;Guang;;;;;;;;;;;x
ga_dangme;Ga-Dangme;;;;;;;;;;;x
na_togo;Na-Togo;;;;;;;;;;;x
anii_adele;Anii-Adele;;;;;;;;;;;x
ka_togo;Ka-Togo;;;;;;;;;;;x
akebu;Akebu;;;;;;;;;;;x
west_chadic;West Chadic;;;;;;;;;;;x
central_chadic;Central Chadic;;;;;;;;;;;x
masa;Masa;;;;;;;;;;;x
east_chadic;East Chadic;;;;;;;;;;;x
korandje;Korandje;;;;;;;;;;;x
songhai;Koyra Chiini;;;;;;;;;;;x
tadaksahak;Tadaksahak;;;;;;;;;;;x
tasawaq;Tasawaq;;;;;;;;;;;x
tagdal;Tagdal;;;;;;;;;;;x
tondi_kiini;Tondi Kiini;;;;;;;;;;;x
humburi_senni;Humburi Senni;;;;;;;;;;;x
koyraboro_senni;Koyraboro Senni;;;;;;;;;;;x
zarma;Zarma;;;;;;;;;;;x
songhayboro;Songhoyboro;;;;;;;;;;;x
dendi;Dendi;;;;;;;;;;;x
sila;Dar Sila;;;;;;;;;;;x
surmic;Surmic;;;;;;;;;;;x
jebel;Jebel;;;;;;;;;;;x
amdang;Amdang;;;;;;;;;;;x
baguirmi;Runga;;;;;;;;;;;x
maba;Maba;;;;;;;;;;;x
masalit;Masalit;;;;;;;;;;;x
funj;Funj;;;;;;;;;;;x
lendu;Lendu-Manbetu;;;;;;;;;;;x
moro_madi;Moro-Madi;;;;;;;;;;;x
sara;Sara-Bongo-Bagirmi;;;;;;;;;;;x
abaza;Abaza;;;;;;;;;;;x
judeo_iranian;Judeo-Iranian;;;;;;;;;;;x
aka;Aja;;;;;;;;;;;x
likuba;Likuba;;;;;;;;;;;x
akwa;Akwa;;;;;;;;;;;x
afro_argentinian;Haribi;;;;;;;;;;;x
afro_brazilian;Afro-Humri;;;;;;;;;;;x
patagonian;Het;;;;;;;;;;;x
guajiro;Wayuu;;;;;;;;;;;;;;;;;;;;;;;;x
nahua;Nawan;;;;;;;;;;;;;;;;;;;;;;;;x
ona;Ona;;;;;;;;;;;;;;;;;;;;;;;;x
yaghan;Yaghan;;;;;;;;;;;;;;;;;;;;;;;;x
moseten_tsimane;Moseten-Tsimane;;;;;;;;;;;;;;;;;;;;;;;;x
pwelche;Pwelche;;;;;;;;;;;;;;;;;;;;;;;;x
teushen;Teushen;;;;;;;;;;;;;;;;;;;;;;;;x
tehuelche;Tewelche;;;;;;;;;;;;;;;;;;;;;;;;x
haush;Haush;;;;;;;;;;;;;;;;;;;;;;;;x
charruas;Charrua;;;;;;;;;;;;;;;;;;;;;;;;x
guenoa_minuan;Guenoa-Minuan;;;;;;;;;;;;;;;;;;;;;;;;x
bohane;Bohane;;;;;;;;;;;;;;;;;;;;;;;;x
chana;Chana;;;;;;;;;;;;;;;;;;;;;;;;x
charruan_minor;Charruan Minor;;;;;;;;;;;;;;;;;;;;;;;;x
alacalufan;Alacalufan;;;;;;;;;;;;;;;;;;;;;;;;x
chono;Chono;;;;;;;;;;;;;;;;;;;;;;;;x
mapuche;Mapuche;;;;;;;;;;;;;;;;;;;;;;;;x
pewenche;Pewenche;;;;;;;;;;;;;;;;;;;;;;;;x
picunche;Picunche;;;;;;;;;;;;;;;;;;;;;;;;x
chiquiyan;Chiquiyan;;;;;;;;;;;;;;;;;;;;;;;;x
huilliche;Williche;;;;;;;;;;;;;;;;;;;;;;;;x
huarpe;Warpe;;;;;;;;;;;;;;;;;;;;;;;;x
sanaviron;Sanaviron;;;;;;;;;;;;;;;;;;;;;;;;x
comechingon;Comechingon;;;;;;;;;;;;;;;;;;;;;;;;x
lule;Lule;;;;;;;;;;;;;;;;;;;;;;;;x
vilela;Vilela;;;;;;;;;;;;;;;;;;;;;;;;x
tonocote;Tonocote;;;;;;;;;;;;;;;;;;;;;;;;x
nivacle;Nivacle;;;;;;;;;;;;;;;;;;;;;;;;x
wichi;Wichi;;;;;;;;;;;;;;;;;;;;;;;;x
mbaya;Mbaya;;;;;;;;;;;;;;;;;;;;;;;;x
payagua;Payagua;;;;;;;;;;;;;;;;;;;;;;;;x
toba;Toba;;;;;;;;;;;;;;;;;;;;;;;;x
abipon;Abipon;;;;;;;;;;;;;;;;;;;;;;;;x
lengua;Lengua;;;;;;;;;;;;;;;;;;;;;;;;x
zamucoan;Zamucoan;;;;;;;;;;;;;;;;;;;;;;;;x
shucuru_payacu;Shucuru-Payacu;;;;;;;;;;;;;;;;;;;;;;;;x
nambikwara;Nambikwara;;;;;;;;;;;;;;;;;;;;;;;;x
tarapecosi;Tarapecosi;;;;;;;;;;;;;;;;;;;;;;;;x
yuracare;Yuracare;;;;;;;;;;;;;;;;;;;;;;;;x
movima;Movima;;;;;;;;;;;;;;;;;;;;;;;;x
itonama;Itonama;;;;;;;;;;;;;;;;;;;;;;;;x
chapacura;Chapacura;;;;;;;;;;;;;;;;;;;;;;;;x
wari;Wari;;;;;;;;;;;;;;;;;;;;;;;;x
kunza;Kunza;;;;;;;;;;;;;;;;;;;;;;;;x
diaguita;Diaguita;;;;;;;;;;;;;;;;;;;;;;;;x
uru;Uru;;;;;;;;;;;;;;;;;;;;;;;;x
chipaya;Chipaya;;;;;;;;;;;;;;;;;;;;;;;;x
camanchacos;Camanchacos;;;;;;;;;;;;;;;;;;;;;;;;x
pukina;Pukina;;;;;;;;;;;;;;;;;;;;;;;;x
leco;Leco;;;;;;;;;;;;;;;;;;;;;;;;x
angara;Angara;;;;;;;;;;;;;;;;;;;;;;;;x
harakmbut;Harakmbut;;;;;;;;;;;;;;;;;;;;;;;;x
katukinan;Katukinan;;;;;;;;;;;;;;;;;;;;;;;;x
arawan;Arawan;;;;;;;;;;;;;;;;;;;;;;;;x
panoan;Panoan;;;;;;;;;;;;;;;;;;;;;;;;x
tacana;Tacana;;;;;;;;;;;;;;;;;;;;;;;;x
cholon;Cholon;;;;;;;;;;;;;;;;;;;;;;;;x
kulyi;Kulyi;;;;;;;;;;;;;;;;;;;;;;;;x
chachapoya;Chachapoya;;;;;;;;;;;;;;;;;;;;;;;;x
takame;Takame;;;;;;;;;;;;;;;;;;;;;;;;x
manta;Manta;;;;;;;;;;;;;;;;;;;;;;;;x
paez;Paez;;;;;;;;;;;;;;;;;;;;;;;;x
awa_pasto;Awa-Pasto;;;;;;;;;;;;;;;;;;;;;;;;x
coconucan;Coconucan;;;;;;;;;;;;;;;;;;;;;;;;x
cayapa_tsafiki;Cayapa-Tsafiki;;;;;;;;;;;;;;;;;;;;;;;;x
cara;Cara;;;;;;;;;;;;;;;;;;;;;;;;x
chimu;Chimu;;;;;;;;;;;;;;;;;;;;;;;;x
atalan;Atalan;;;;;;;;;;;;;;;;;;;;;;;;x
kanari;Kanari;;;;;;;;;;;;;;;;;;;;;;;;x
quechua;Runasimi;;;;;;;;;;;;;;;;;;;;;;;;x
waywash_runasimi;Waywash Runasimi;;;;;;;;;;;;;;;;;;;;;;;;x
yungay_runasimi;Yungay Runasimi;;;;;;;;;;;;;;;;;;;;;;;;x
kichwa;Kichwa;;;;;;;;;;;;;;;;;;;;;;;;x
aimara;Aimara;;;;;;;;;;;;;;;;;;;;;;;;x
jaqaru;Jaqaru;;;;;;;;;;;;;;;;;;;;;;;;x
shawar;Shuar;;;;;;;;;;;;;;;;;;;;;;;;x
palta;Palta;;;;;;;;;;;;;;;;;;;;;;;;x
chayahuita;Chayawita;;;;;;;;;;;;;;;;;;;;;;;;x
zaparoan;Zaparoan;;;;;;;;;;;;;;;;;;;;;;;;x
candoshi;Candoshi;;;;;;;;;;;;;;;;;;;;;;;;x
urarina;Urarina;;;;;;;;;;;;;;;;;;;;;;;;x
mura;Mura;;;;;;;;;;;;;;;;;;;;;;;;x
witoto;Witoto;;;;;;;;;;;;;;;;;;;;;;;;x
yanomamo;Yanomamo;;;;;;;;;;;;;;;;;;;;;;;;x
saliban;Saliban;;;;;;;;;;;;;;;;;;;;;;;;x
betoi;Betoi;;;;;;;;;;;;;;;;;;;;;;;;x
guahibo;Guahibo;;;;;;;;;;;;;;;;;;;;;;;;x
maku;Maku;;;;;;;;;;;;;;;;;;;;;;;;x
yagua;Yagua;;;;;;;;;;;;;;;;;;;;;;;;x
yameo;Yameo;;;;;;;;;;;;;;;;;;;;;;;;x
otomac;Otomac;;;;;;;;;;;;;;;;;;;;;;;;x
timote;Timote;;;;;;;;;;;;;;;;;;;;;;;;x
tayrona;Tayrona;;;;;;;;;;;;;;;;;;;;;;;;x
choco;Choco;;;;;;;;;;;;;;;;;;;;;;;;x
chibcha;Muisca;;;;;;;;;;;;;;;;;;;;;;;;x
cuna;Cuna;;;;;;;;;;;;;;;;;;;;;;;;x
waimi;Waimi;;;;;;;;;;;;;;;;;;;;;;;;x
chibcha_minor;Chibcha Minor;;;;;;;;;;;;;;;;;;;;;;;;x
huetar;Wetar;;;;;;;;;;;;;;;;;;;;;;;;x
guarani;Guarani;;;;;;;;;;;;;;;;;;;;;;;;x
kaiwa;Kaiwa;;;;;;;;;;;;;;;;;;;;;;;;x
ache;Ache;;;;;;;;;;;;;;;;;;;;;;;;x
carijo;Carijo;;;;;;;;;;;;;;;;;;;;;;;;x
xeta;Sheta;;;;;;;;;;;;;;;;;;;;;;;;x
guarayo;Guarayo;;;;;;;;;;;;;;;;;;;;;;;;x
siriono;Siriono;;;;;;;;;;;;;;;;;;;;;;;;x
warazu;Warazu;;;;;;;;;;;;;;;;;;;;;;;;x
potiguara;Potiguara;;;;;;;;;;;;;;;;;;;;;;;;x
caete;Caete;;;;;;;;;;;;;;;;;;;;;;;;x
tupinikin;Tupinikin;;;;;;;;;;;;;;;;;;;;;;;;x
cocama_omagua;Cocama-Omagua;;;;;;;;;;;;;;;;;;;;;;;;x
tobajara;Tabajara;;;;;;;;;;;;;;;;;;;;;;;;x
amoipira;Amoipira;;;;;;;;;;;;;;;;;;;;;;;;x
arikem;Arikem;;;;;;;;;;;;;;;;;;;;;;;;x
monde;Monde;;;;;;;;;;;;;;;;;;;;;;;;x
kawahib;Kawahib;;;;;;;;;;;;;;;;;;;;;;;;x
munduruku;Munduruku;;;;;;;;;;;;;;;;;;;;;;;;x
tuparic;Tuparic;;;;;;;;;;;;;;;;;;;;;;;;x
yuruna;Yuruna;;;;;;;;;;;;;;;;;;;;;;;;x
kamayura;Kamayura;;;;;;;;;;;;;;;;;;;;;;;;x
tenetehara;Tenetehara;;;;;;;;;;;;;;;;;;;;;;;;x
wayapi;Wayapi;;;;;;;;;;;;;;;;;;;;;;;;x
kayapo;Kayapo;;;;;;;;;;;;;;;;;;;;;;;;x
kreen_akarore;Kreen-Akarore;;;;;;;;;;;;;;;;;;;;;;;;x
timbira;Timbira;;;;;;;;;;;;;;;;;;;;;;;;x
acroa;Acroa;;;;;;;;;;;;;;;;;;;;;;;;x
sherente;Sherente;;;;;;;;;;;;;;;;;;;;;;;;x
shavante;Shavante;;;;;;;;;;;;;;;;;;;;;;;;x
afro_je;Qalwu Kreol;;;;;;;;;;;;;;;;;;;;;;;;x
shakriaba;Shakriaba;;;;;;;;;;;;;;;;;;;;;;;;x
kaingang;Kaingang;;;;;;;;;;;;;;;;;;;;;;;;x
kariri;Kariri;;;;;;;;;;;;;;;;;;;;;;;;x
fulnio;Fulnio;;;;;;;;;;;;;;;;;;;;;;;;x
kamakan;Kamakan;;;;;;;;;;;;;;;;;;;;;;;;x
mashakali_krenak;Mashakali-Krenak;;;;;;;;;;;;;;;;;;;;;;;;x
puri;Puri;;;;;;;;;;;;;;;;;;;;;;;;x
ofaye;Ofaye;;;;;;;;;;;;;;;;;;;;;;;;x
bororo;Bororo;;;;;;;;;;;;;;;;;;;;;;;;x
guato;Guato;;;;;;;;;;;;;;;;;;;;;;;;x
yanesha;Yanesha;;;;;;;;;;;;;;;;;;;;;;;;x
paresi_waura;Paresi-Waura;;;;;;;;;;;;;;;;;;;;;;;;x
piro;Piro;;;;;;;;;;;;;;;;;;;;;;;;x
campa;Campa;;;;;;;;;;;;;;;;;;;;;;;;x
chane_terena;Chane-Terena;;;;;;;;;;;;;;;;;;;;;;;;x
moho;Moho;;;;;;;;;;;;;;;;;;;;;;;;x
baure;Baure;;;;;;;;;;;;;;;;;;;;;;;;x
maipure;Maipure;;;;;;;;;;;;;;;;;;;;;;;;x
nawaki;Nawaki;;;;;;;;;;;;;;;;;;;;;;;;x
manao;Manao;;;;;;;;;;;;;;;;;;;;;;;;x
palikur;Palikur;;;;;;;;;;;;;;;;;;;;;;;;x
mapidianic;Mapidianic;;;;;;;;;;;;;;;;;;;;;;;;x
lokono;Lokono;;;;;;;;;;;;;;;;;;;;;;;;x
caquetio;Caquetio;;;;;;;;;;;;;;;;;;;;;;;;x
guajiro;Guajiro;;;;;;;;;;;;;;;;;;;;;;;;x
taino;Taino;;;;;;;;;;;;;;;;;;;;;;;;x
siboney;Siboney;;;;;;;;;;;;;;;;;;;;;;;;x
warao;Warao;;;;;;;;;;;;;;;;;;;;;;;;x
guanahatabey;Guanahatabey;;;;;;;;;;;;;;;;;;;;;;;;x
macoris;Macoris;;;;;;;;;;;;;;;;;;;;;;;;x
kuikuro;Kuikuro;;;;;;;;;;;;;;;;;;;;;;;;x
baikiri;Baikiri;;;;;;;;;;;;;;;;;;;;;;;;x
parukotoan;Parukotoan;;;;;;;;;;;;;;;;;;;;;;;;x
pemon_panare;Pemon-Panare;;;;;;;;;;;;;;;;;;;;;;;;x
mapoyo_tamanaku;Mapoyo-Tamanaku;;;;;;;;;;;;;;;;;;;;;;;;x
carib;Carib;;;;;;;;;;;;;;;;;;;;;;;;x
taranoan;Taranoan;;;;;;;;;;;;;;;;;;;;;;;;x
pecenak;Pecenak;;;;;;;;;;;;;;;;;;;;;;;;x
romanian;Vlach;;;;;;;;;;;;;;;;;;;;;;;;x
nahua;Nawa;;;;;;;;;;;;;;;;;;;;;;;;x
opata;Opata;;;;;;;;;;;;;;;;;;;;;;;;x
piman;Piman;;;;;;;;;;;;;;;;;;;;;;;;x
shoshone;Shoshone;;;;;;;;;;;;;;;;;;;;;;;;x
commanche;Commanche;;;;;;;;;;;;;;;;;;;;;;;;x
paiute;Paiute;;;;;;;;;;;;;;;;;;;;;;;;x
ute_lang;Ute;;;;;;;;;;;;;;;;;;;;;;;;x
hopian;Hopi;;;;;;;;;;;;;;;;;;;;;;;;x
tubatulabal;Tübatulabal;;;;;;;;;;;;;;;;;;;;;;;;x
corachol;Corachol;;;;;;;;;;;;;;;;;;;;;;;;x
yaqui;Yaqui;;;;;;;;;;;;;;;;;;;;;;;;x
mayo;Mayo;;;;;;;;;;;;;;;;;;;;;;;;x
tarahumara;Tarahumara;;;;;;;;;;;;;;;;;;;;;;;;x
takic;Takic;;;;;;;;;;;;;;;;;;;;;;;;x
manguean;Manguean;;;;;;;;;;;;;;;;;;;;;;;;x
tlapanec;Tlapanec;;;;;;;;;;;;;;;;;;;;;;;;x
popolocan;Popolocan;;;;;;;;;;;;;;;;;;;;;;;;x
chinantec;Chinantec;;;;;;;;;;;;;;;;;;;;;;;;x
zapotec;Zapotec;;;;;;;;;;;;;;;;;;;;;;;;x
amuzgo;Amuzgo;;;;;;;;;;;;;;;;;;;;;;;;x
mixtec;Mixtec;;;;;;;;;;;;;;;;;;;;;;;;x
otomi;Otomi;;;;;;;;;;;;;;;;;;;;;;;;x
tolan;Tolan;;;;;;;;;;;;;;;;;;;;;;;;x
tequistlatec;Tequistlatec;;;;;;;;;;;;;;;;;;;;;;;;x
coahuiltec;Coawiltec;;;;;;;;;;;;;;;;;;;;;;;;x
yuman;Yuman;;;;;;;;;;;;;;;;;;;;;;;;x
hokan_minor;Hokan Minor;;;;;;;;;;;;;;;;;;;;;;;;x
mayan;Mayan;;;;;;;;;;;;;;;;;;;;;;;;x
huastec;Wastec;;;;;;;;;;;;;;;;;;;;;;;;x
chol;Chol;;;;;;;;;;;;;;;;;;;;;;;;x
qanjobal;Qanjobal;;;;;;;;;;;;;;;;;;;;;;;;x
mame;Mame;;;;;;;;;;;;;;;;;;;;;;;;x
quiche;Quiche;;;;;;;;;;;;;;;;;;;;;;;;x
mixe;Mixe;;;;;;;;;;;;;;;;;;;;;;;;x
zoque;Zoque;;;;;;;;;;;;;;;;;;;;;;;;x
totonac;Totonac;;;;;;;;;;;;;;;;;;;;;;;;x
chitimacha;Chitimacha;;;;;;;;;;;;;;;;;;;;;;;;x
tarascan;Purepuche;;;;;;;;;;;;;;;;;;;;;;;;x
wave;Wave;;;;;;;;;;;;;;;;;;;;;;;;x
cuitlatec;Cuitlatec;;;;;;;;;;;;;;;;;;;;;;;;x
chumash;Chumash;;;;;;;;;;;;;;;;;;;;;;;;x
yuki_wappo;Yuki-Wappo;;;;;;;;;;;;;;;;;;;;;;;;x
wakashan;Wakashan;;;;;;;;;;;;;;;;;;;;;;;;x
keres;Keres;;;;;;;;;;;;;;;;;;;;;;;;x
zuni;Zuni;;;;;;;;;;;;;;;;;;;;;;;;x
kiowa;Kiowa;;;;;;;;;;;;;;;;;;;;;;;;x
towa;Towa;;;;;;;;;;;;;;;;;;;;;;;;x
tiwa;Tiwa;;;;;;;;;;;;;;;;;;;;;;;;x
tewa;Tewa;;;;;;;;;;;;;;;;;;;;;;;;x
klamath_modoc;Klamath-Modoc;;;;;;;;;;;;;;;;;;;;;;;;x
molola;Molola;;;;;;;;;;;;;;;;;;;;;;;;x
sahaptian;Sahaptian;;;;;;;;;;;;;;;;;;;;;;;;x
miwok;Miwok;;;;;;;;;;;;;;;;;;;;;;;;x
ohlone;Ohlone;;;;;;;;;;;;;;;;;;;;;;;;x
molola;Molola;;;;;;;;;;;;;;;;;;;;;;;;x
yokuts;Yokuts;;;;;;;;;;;;;;;;;;;;;;;;x
maiduan;Maiduan;;;;;;;;;;;;;;;;;;;;;;;;x
wintuan;Wintuan;;;;;;;;;;;;;;;;;;;;;;;;x
chinook;Chinook;;;;;;;;;;;;;;;;;;;;;;;;x
tsimshian;Tsimshian;;;;;;;;;;;;;;;;;;;;;;;;x
alsea_siuslaw_coosan;Alsea-Siuslaw-Coosan;;;;;;;;;;;;;;;;;;;;;;;;x
nuxalk;Nuxalk;;;;;;;;;;;;;;;;;;;;;;;;x
comox;Comox;;;;;;;;;;;;;;;;;;;;;;;;x
halkomelem;Halkomelem;;;;;;;;;;;;;;;;;;;;;;;;x
lushootseed;Lushootseed;;;;;;;;;;;;;;;;;;;;;;;;x
tsamosan;Tsamosan;;;;;;;;;;;;;;;;;;;;;;;;x
tillamook;Tillamook;;;;;;;;;;;;;;;;;;;;;;;;x
shuswap;Shuswap;;;;;;;;;;;;;;;;;;;;;;;;x
lillooet;Lillooet;;;;;;;;;;;;;;;;;;;;;;;;x
ntlakapmuk;Ntlakapmuk;;;;;;;;;;;;;;;;;;;;;;;;x
salish;Salish;;;;;;;;;;;;;;;;;;;;;;;;x
nsilxcin;Nsilxcin;;;;;;;;;;;;;;;;;;;;;;;;x
ktunaxa;Ktunaxa;;;;;;;;;;;;;;;;;;;;;;;;x
xincan;Xincan;;;;;;;;;;;;;;;;;;;;;;;;x
lenka;Lenka;;;;;;;;;;;;;;;;;;;;;;;;x
misumalpa;Misumalpa;;;;;;;;;;;;;;;;;;;;;;;;x
yuchi;Yuchi;;;;;;;;;;;;;;;;;;;;;;;;x
ays_lang;Ays;;;;;;;;;;;;;;;;;;;;;;;;x
calusa;Calusa;;;;;;;;;;;;;;;;;;;;;;;;x
timucua;Timucua;;;;;;;;;;;;;;;;;;;;;;;;x
navajo;Apache-Navajo;;;;;;;;;;;;;;;;;;;;;;;;x
lipan;Lipan;;;;;;;;;;;;;;;;;;;;;;;;x
hupa;Hupa;;;;;;;;;;;;;;;;;;;;;;;;x
wailaki_mattole;Wailaki-Mattole;;;;;;;;;;;;;;;;;;;;;;;;x
tolowa;Tolowa;;;;;;;;;;;;;;;;;;;;;;;;x
tutuni;Tutuni;;;;;;;;;;;;;;;;;;;;;;;;x
ahtna;Ahtna;;;;;;;;;;;;;;;;;;;;;;;;x
denaina;Denaina;;;;;;;;;;;;;;;;;;;;;;;;x
koyukon;Koyukon;;;;;;;;;;;;;;;;;;;;;;;;x
tanana_tutchone;Tanana-Tutchone;;;;;;;;;;;;;;;;;;;;;;;;x
kutchin_han;Kutchin-Han;;;;;;;;;;;;;;;;;;;;;;;;x
cordillera;Cordillera;;;;;;;;;;;;;;;;;;;;;;;;x
slavey;Slavey;;;;;;;;;;;;;;;;;;;;;;;;x
chipewyan;Chipewyan;;;;;;;;;;;;;;;;;;;;;;;;x
dakelh_witsuwiten;Dakelh-Witsuwiten;;;;;;;;;;;;;;;;;;;;;;;;x
chilcotin_nicola;Chilcotin-Nicola;;;;;;;;;;;;;;;;;;;;;;;;x
tsuutina;Tsuutina;;;;;;;;;;;;;;;;;;;;;;;;x
eyak;Eyak;;;;;;;;;;;;;;;;;;;;;;;;x
tlingit;Tlingit;;;;;;;;;;;;;;;;;;;;;;;;x
siksika;Siksika;;;;;;;;;;;;;;;;;;;;;;;;x
arapahoan;Arapahoan;;;;;;;;;;;;;;;;;;;;;;;;x
cheyenne;Cheyenne;;;;;;;;;;;;;;;;;;;;;;;;x
cree;Cree;;;;;;;;;;;;;;;;;;;;;;;;x
ojibwe;Ojibwe;;;;;;;;;;;;;;;;;;;;;;;;x
menominee;Menominee;;;;;;;;;;;;;;;;;;;;;;;;x
potawatomi;Potawatomi;;;;;;;;;;;;;;;;;;;;;;;;x
meskwaki;Meskwaki;;;;;;;;;;;;;;;;;;;;;;;;x
illinois;Miami-Illinois;;;;;;;;;;;;;;;;;;;;;;;;x
mikmaq;Mikmaq;;;;;;;;;;;;;;;;;;;;;;;;x
absenaki;Absenaki;;;;;;;;;;;;;;;;;;;;;;;;x
maliseet;Maliseet;;;;;;;;;;;;;;;;;;;;;;;;x
massachusett;Massachusett;;;;;;;;;;;;;;;;;;;;;;;;x
narragansett_secatogue;Narragansett-Secatogue;;;;;;;;;;;;;;;;;;;;;;;;x
quiripi;Quiripi;;;;;;;;;;;;;;;;;;;;;;;;x
nipmuc;Nipmuc;;;;;;;;;;;;;;;;;;;;;;;;x
mohican;Mohican;;;;;;;;;;;;;;;;;;;;;;;;x
lenape;Lenape;;;;;;;;;;;;;;;;;;;;;;;;x
nanticocke;Nanticocke;;;;;;;;;;;;;;;;;;;;;;;;x
powhatan;Powhatan;;;;;;;;;;;;;;;;;;;;;;;;x
pamlico;Pamlico;;;;;;;;;;;;;;;;;;;;;;;;x
beothuk;Beothuk;;;;;;;;;;;;;;;;;;;;;;;;x
mandan;Mandan;;;;;;;;;;;;;;;;;;;;;;;;x
crow_hidatsa;Crow-Hidatsa;;;;;;;;;;;;;;;;;;;;;;;;x
mitchigamea;Mitchigamea;;;;;;;;;;;;;;;;;;;;;;;;x
chiwere_winnebago;Chiwere-Winnebago;;;;;;;;;;;;;;;;;;;;;;;;x
dhegihan;Dhegihan;;;;;;;;;;;;;;;;;;;;;;;;x
tutelo;Tutelo;;;;;;;;;;;;;;;;;;;;;;;;x
biloxi_ofo;Biloxi-Ofo;;;;;;;;;;;;;;;;;;;;;;;;x
catawban;Catawban;;;;;;;;;;;;;;;;;;;;;;;;x
iroquios;Iroquois;;;;;;;;;;;;;;;;;;;;;;;;x
tuscarora_nottoway;Tuscarora-Nottoway;;;;;;;;;;;;;;;;;;;;;;;;x
tsalagi;Tsalagi;;;;;;;;;;;;;;;;;;;;;;;;x
caddoan;Caddoan;;;;;;;;;;;;;;;;;;;;;;;;x
wichita;Wichita;;;;;;;;;;;;;;;;;;;;;;;;x
kitsai;Kitsai;;;;;;;;;;;;;;;;;;;;;;;;x
atakapa;Atakapa;;;;;;;;;;;;;;;;;;;;;;;;x
nachez;Nachez;;;;;;;;;;;;;;;;;;;;;;;;x
tunica;Tunica;;;;;;;;;;;;;;;;;;;;;;;;x
muskogee;Muskogee;;;;;;;;;;;;;;;;;;;;;;;;x
chickasaw;Chickasaw;;;;;;;;;;;;;;;;;;;;;;;;x
choctaw;Choctaw;;;;;;;;;;;;;;;;;;;;;;;;x
apalachee;Apalachee;;;;;;;;;;;;;;;;;;;;;;;;x
alabama;Alabama;;;;;;;;;;;;;;;;;;;;;;;;x
koasati;Koasati;;;;;;;;;;;;;;;;;;;;;;;;x
kiskeyan_kreol;Kiskeyan Kreol;;;;;;;;;;;;;;;;;;;;;;;;x
vagrian_kreol;Vagrian Kreol;;;;;;;;;;;;;;;;;;;;;;;;x
bantu_minors;Bantu Minors;;;;;;;;;;;;;;;;;;;;;;;;x
talodi;Talodi;;;;;;;;;;;;;;;;;;;;;;;;x
kordofanian_group;Kordofanian Group;;;;;;;;;;;;;;;;;;;;;;;;x
bembe;Bembe;;;;;;;;;;;;;;;;;;;;;;;;x
mboko;Mboko;;;;;;;;;;;;;;;;;;;;;;;;x
kwala;Kwala;;;;;;;;;;;;;;;;;;;;;;;;x
zinza;Zinza;;;;;;;;;;;;;;;;;;;;;;;;x
swati;Swati;;;;;;;;;;;;;;;;;;;;;;;;x
lagoonic;Lagoonic;;;;;;;;;;;;;;;;;;;;;;;;x
kwa_group;Kwa Group;;;;;;;;;;;;;;;;;;;;;;;;x
mande_group;Mande Group;;;;;;;;;;;;;;;;;;;;;;;;x
kru_group;Kru Group;;;;;;;;;;;;;;;;;;;;;;;;x
gur_group;Gur Group;;;;;;;;;;;;;;;;;;;;;;;;x
volta_niger_group;Volta Niger Group;;;;;;;;;;;;;;;;;;;;;;;;x
senufo_group;Senufo Group;;;;;;;;;;;;;;;;;;;;;;;;x
bantoid_group;Bantoid Group;;;;;;;;;;;;;;;;;;;;;;;;x
adamawa_group;Adamawa Group;;;;;;;;;;;;;;;;;;;;;;;;x
ubangian_group;Ubangian Group;;;;;;;;;;;;;;;;;;;;;;;;x
senegambian;Senegambian;;;;;;;;;;;;;;;;;;;;;;;;x
dogon;Dogon;;;;;;;;;;;;;;;;;;;;;;;;x
ijawoid;Ijawoid;;;;;;;;;;;;;;;;;;;;;;;;x
pawnee;Pawnee;;;;;;;;;;;;;;;;;;;;;;;;x
iroquoian;Iroquoian;;;;;;;;;;;;;;;;;;;;;;;;x
siouan;Siouan;;;;;;;;;;;;;;;;;;;;;;;;x
yoruk;Yoruk;;;;;;;;;;;;;;;;;;;;;;;;x
algic;Algic;;;;;;;;;;;;;;;;;;;;;;;;x
na_dene;Na Dene;;;;;;;;;;;;;;;;;;;;;;;;x
penutian;Penutian;;;;;;;;;;;;;;;;;;;;;;;;x
tanoan;Tanoan;;;;;;;;;;;;;;;;;;;;;;;;x
hokan;Hokan;;;;;;;;;;;;;;;;;;;;;;;;x
malay_polynesian;Malay Polynesian;;;;;;;;;;;;;;;;;;;;;;;;x
hmong_mien;Hmong Mien;;;;;;;;;;;;;;;;;;;;;;;;x
nicobarese;Nicobarese;;;;;;;;;;;;;;;;;;;;;;;;x
kurukh;Kurukh;;;;;;;;;;;;;;;;;;;;;;;;x
dravidian;Dravidian;;;;;;;;;;;;;;;;;;;;;;;;x
tani;Tani;;;;;;;;;;;;;;;;;;;;;;;;x
quiangic;Quiangic;;;;;;;;;;;;;;;;;;;;;;;;x
eastern_tibeto_burman;Eastern Tibeto Burman;;;;;;;;;;;;;;;;;;;;;;;;x
naga;Naga;;;;;;;;;;;;;;;;;;;;;;;;x
kamarupan;Kamarupan;;;;;;;;;;;;;;;;;;;;;;;;x
dzongkha;Dzonghka;;;;;;;;;;;;;;;;;;;;;;;;x
tibetic;Tibetic;;;;;;;;;;;;;;;;;;;;;;;;x
burushaskic;Burushaskic;;;;;;;;;;;;;;;;;;;;;;;;x
tungusic;Tungusic;;;;;;;;;;;;;;;;;;;;;;;;x
rohingya;Rohingya;;;;;;;;;;;;;;;;;;;;;;;;x
indo_aryan;Indo Aryan;;;;;;;;;;;;;;;;;;;;;;;;x
kafiri;Kafiri;;;;;;;;;;;;;;;;;;;;;;;;x
khotani;khotani;;;;;;;;;;;;;;;;;;;;;;;;x
ethiosemitic;Ethiosemitic;;;;;;;;;;;;;;;;;;;;;;;;x
amazigh;Amazigh;;;;;;;;;;;;;;;;;;;;;;;;x
neo_aramaeic;Neo Aramaeic;;;;;;;;;;;;;;;;;;;;;;;;x
kipchak;Kipchak;;;;;;;;;;;;;;;;;;;;;;;;x
abdal;Abdal;;;;;;;;;;;;;;;;;;;;;;;;x
karluk;Karluk;;;;;;;;;;;;;;;;;;;;;;;;x
siberian_turkic;Siberian Turkic;;;;;;;;;;;;;;;;;;;;;;;;x
arghu;Arghu;;;;;;;;;;;;;;;;;;;;;;;;x
oghur;Oghur;;;;;;;;;;;;;;;;;;;;;;;;x
oghuz;Oghuz;;;;;;;;;;;;;;;;;;;;;;;;x
hellenic;Hellenic;;;;;;;;;;;;;;;;;;;;;;;;x
samoyedic;Samoyedic;;;;;;;;;;;;;;;;;;;;;;;;x
ugric;Ugric;;;;;;;;;;;;;;;;;;;;;;;;x
celtic;Celtic;;;;;;;;;;;;;;;;;;;;;;;;x
insular_western_germanic;Insular Western Germanic;;;;;;;;;;;;;;;;;;;;;;;;x
north_germanic;North Germanic;;;;;;;;;;;;;;;;;;;;;;;;x
eastern_germanic;Eastern Germanic;;;;;;;;;;;;;;;;;;;;;;;;x
continental_west_germanic;Continental West Germanic;;;;;;;;;;;;;;;;;;;;;;;;x
mel_limba;Mel Limba;;;;;;;;;;;;;;;;;;;;;;;;x
saharan_group;Saharan Group;;;;;;;;;;;;;;;;;;;;;;;;x
komuz;Komuz;;;;;;;;;;;;;;;;;;;;;;;;x
kunama_group;Kunama Group;;;;;;;;;;;;;;;;;;;;;;;;x
funj_group;Funj Group;;;;;;;;;;;;;;;;;;;;;;;;x
maban_group;Maban Group;;;;;;;;;;;;;;;;;;;;;;;;x
fur_group;Fur Group;;;;;;;;;;;;;;;;;;;;;;;;x
daju_group;Daju Group;;;;;;;;;;;;;;;;;;;;;;;;x
eastern_sudanic_minors;Eastern Sudanic Minors;;;;;;;;;;;;;;;;;;;;;;;;x
songhai_group;Songhai Group;;;;;;;;;;;;;;;;;;;;;;;;x
nilotic_group;Nilotic Group;;;;;;;;;;;;;;;;;;;;;;;;x
neo_arabic_cultures;Neo Arabic Cultures;;;;;;;;;;;;;;;;;;;;;;;;x
cariban;Cariban;;;;;;;;;;;;;;;;;;;;;;;;x
caribbean_isolates;Caribbean Isolates;;;;;;;;;;;;;;;;;;;;;;;;x
ineri;Ineri;;;;;;;;;;;;;;;;;;;;;;;;x
arawak_group;Arawak Group;;;;;;;;;;;;;;;;;;;;;;;;x
je_group;Je Group;;;;;;;;;;;;;;;;;;;;;;;;x
minor_tupi_group;Minor Tupi Group;;;;;;;;;;;;;;;;;;;;;;;;x
tupi_group;Tupi Group;;;;;;;;;;;;;;;;;;;;;;;;x
guarayo_group;Guarayo Group;;;;;;;;;;;;;;;;;;;;;;;;x
malibu_group;Malibu Group;;;;;;;;;;;;;;;;;;;;;;;;x
choco_group;Choco Group;;;;;;;;;;;;;;;;;;;;;;;;x
timote_group;Timote Group;;;;;;;;;;;;;;;;;;;;;;;;x
otomac_group;Otomac Group;;;;;;;;;;;;;;;;;;;;;;;;x
peba_yaguan_group;Peba Yaguan Group;;;;;;;;;;;;;;;;;;;;;;;;x
maku_group;Maku Group;;;;;;;;;;;;;;;;;;;;;;;;x
guahibo_group;Guahibo Group;;;;;;;;;;;;;;;;;;;;;;;;x
yanomamo_group;Yanomamo Group;;;;;;;;;;;;;;;;;;;;;;;;x
witoto_group;Witoto Group;;;;;;;;;;;;;;;;;;;;;;;;x
tukano;Tukano;;;;;;;;;;;;;;;;;;;;;;;;x
tukano;Tukano;;;;;;;;;;;;;;;;;;;;;;;;x
tukano_group;Tukano Group;;;;;;;;;;;;;;;;;;;;;;;;x
mura_group;Mura Group;;;;;;;;;;;;;;;;;;;;;;;;x
candoshi_group;Candoshi Group;;;;;;;;;;;;;;;;;;;;;;;;x
urarina_group;Urarina Group;;;;;;;;;;;;;;;;;;;;;;;;x
zaparoan_group;Zaparoan Group;;;;;;;;;;;;;;;;;;;;;;;;x
shawar_group;Shawar Group;;;;;;;;;;;;;;;;;;;;;;;;x
aymara_group;Aymara Group;;;;;;;;;;;;;;;;;;;;;;;;x
quechua_group;Quechua Group;;;;;;;;;;;;;;;;;;;;;;;;x
chimuan;Chimuan;;;;;;;;;;;;;;;;;;;;;;;;x
barbacoan;Barbacoan;;;;;;;;;;;;;;;;;;;;;;;;x
panoan_group;Panoan Group;;;;;;;;;;;;;;;;;;;;;;;;x
cholon_group;Cholon Group;;;;;;;;;;;;;;;;;;;;;;;;x
guarani_group;Guarani Group;;;;;;;;;;;;;;;;;;;;;;;;x
betoi_saliban_group;Betoi Saliban Group;;;;;;;;;;;;;;;;;;;;;;;;x
panoan_tacanan;Panoan Tacanan;;;;;;;;;;;;;;;;;;;;;;;;x
harakmbut_katukinan;Harakmbut Katukinan;;;;;;;;;;;;;;;;;;;;;;;;x
angara_group;Angara Group;;;;;;;;;;;;;;;;;;;;;;;;x
pukina_group;Pukina Group;;;;;;;;;;;;;;;;;;;;;;;;x
uru_chipaya_group;Uru Chipaya Group;;;;;;;;;;;;;;;;;;;;;;;;x
chapacuran_group;Chapacuran Group;;;;;;;;;;;;;;;;;;;;;;;;x
atacaman_diaguitan_group;Atacaman Diaguitan Group;;;;;;;;;;;;;;;;;;;;;;;;x
itonama_group;Itonama Group;;;;;;;;;;;;;;;;;;;;;;;;x
movima_group;Movima Group;;;;;;;;;;;;;;;;;;;;;;;;x
chiquito_group;Chiquito Group;;;;;;;;;;;;;;;;;;;;;;;;x
shucuru_payacu_group;Shucuru Payacu Group;;;;;;;;;;;;;;;;;;;;;;;;x
nambikwara_group;Nambikwara Group;;;;;;;;;;;;;;;;;;;;;;;;x
zamucoan_group;Zamucoan Group;;;;;;;;;;;;;;;;;;;;;;;;x
lengua_group;Lengua Group;;;;;;;;;;;;;;;;;;;;;;;;x
guaykuruan;Guaykuruan;;;;;;;;;;;;;;;;;;;;;;;;x
matacoan;Matacoan;;;;;;;;;;;;;;;;;;;;;;;;x
lule_vilela;Lule Vilela;;;;;;;;;;;;;;;;;;;;;;;;x
huarpe_comechingon;Huarpe Comechingon;;;;;;;;;;;;;;;;;;;;;;;;x
araucanian;Araucanian;;;;;;;;;;;;;;;;;;;;;;;;x
fuegian_group;Fuegian Group;;;;;;;;;;;;;;;;;;;;;;;;x
charruan_group;Charruan Group;;;;;;;;;;;;;;;;;;;;;;;;x
chon_group;Chon Group;;;;;;;;;;;;;;;;;;;;;;;;x
muskogean;Muskogean;;;;;;;;;;;;;;;;;;;;;;;;x
gulf_group;Gulf Group;;;;;;;;;;;;;;;;;;;;;;;;x
caddoan_group;Caddoan Group;;;;;;;;;;;;;;;;;;;;;;;;x
timucua_group;Timucua Group;;;;;;;;;;;;;;;;;;;;;;;;x
everglades_group;Everglades Group;;;;;;;;;;;;;;;;;;;;;;;;x
ays_group;Ays Group;;;;;;;;;;;;;;;;;;;;;;;;x
yuchi_group;Yuchi Group;;;;;;;;;;;;;;;;;;;;;;;;x
misumalpa_group;Misumalpa Group;;;;;;;;;;;;;;;;;;;;;;;;x
lenka_group;Lenka Group;;;;;;;;;;;;;;;;;;;;;;;;x
xincan_group;Xincan Group;;;;;;;;;;;;;;;;;;;;;;;;x
salish_group;Salish Group;;;;;;;;;;;;;;;;;;;;;;;;x
zuni_group;Zuni Group;;;;;;;;;;;;;;;;;;;;;;;;x
keres_group;Keres Group;;;;;;;;;;;;;;;;;;;;;;;;x
wakashan_group;Wakashan Group;;;;;;;;;;;;;;;;;;;;;;;;x
yuki_wappo_group;Yuki Wappo Group;;;;;;;;;;;;;;;;;;;;;;;;x
chumash_group;Chumash Group;;;;;;;;;;;;;;;;;;;;;;;;x
cuitlatec_group;Cuitlatec Group;;;;;;;;;;;;;;;;;;;;;;;;x
wave_group;Wave Group;;;;;;;;;;;;;;;;;;;;;;;;x
yuracare_group;Yuracare Group;;;;;;;;;;;;;;;;;;;;;;;;x
tarascan_group;Tarascan Group;;;;;;;;;;;;;;;;;;;;;;;;x
totozoquean;Totozoquean;;;;;;;;;;;;;;;;;;;;;;;;x
mayan_group;Mayan Group;;;;;;;;;;;;;;;;;;;;;;;;x
shashtan;Shashtan;;;;;;;;;;;;;;;;;;;;;;;;x
cochimi;Cochimi;;;;;;;;;;;;;;;;;;;;;;;;x
oto_manguean;Oto Manguean;;;;;;;;;;;;;;;;;;;;;;;;x
uto_nahuatl;Uto Nahuatl;;;;;;;;;;;;;;;;;;;;;;;;x
austro_asiatic;Austro Asiatic;;;;;;;;;;;;;;;;;;;;;;;;x
navkh_group;Navkh Group;;;;;;;;;;;;;;;;;;;;;;;;x
cushitic_group;Cushitic Group;;;;;;;;;;;;;;;;;;;;;;;;x
chadic_languages;Chadic Languages;;;;;;;;;;;;;;;;;;;;;;;;x
eastern_south_semetic;Eastern South Semetic;;;;;;;;;;;;;;;;;;;;;;;;x
caspian_caucasian;Caspian Caucasian;;;;;;;;;;;;;;;;;;;;;;;;x
pontic_caucasian;Pontic Caucasian;;;;;;;;;;;;;;;;;;;;;;;;x
kartvelian;Kartvelian;;;;;;;;;;;;;;;;;;;;;;;;x
chukotko-kamchatkan;Chukotkan-Kamchatkan;;;;;;;;;;;;;;;;;;;;;;;;x
selkup;Selkup;;;;;;;;;;;;;;;;;;;;;;;;x
eastern_finnic;Eastern Finnic;;;;;;;;;;;;;;;;;;;;;;;;x
western_finnic;Western Finnic;;;;;;;;;;;;;;;;;;;;;;;;x
kordali;Kordali;;;;;;;;;;;;;;;;;;;;;;;;x
laki;Laki;;;;;;;;;;;;;;;;;;;;;;;;x
khuzi;Khuzi;;;;;;;;;;;;;;;;;;;;;;;;x
bandari;Bandari;;;;;;;;;;;;;;;;;;;;;;;;x
uzbek;Özbeg;;;;;;;;;;;;;;;;;;;;;;;;x
chaharmahali;Chaharmahali;;;;;;;;;;;;;;;;;;;;;;;;x
tsezic;Tsezic;;;;;;;;;;;;;;;;;;;;;;;;x
andi;Andi;;;;;;;;;;;;;;;;;;;;;;;;x
khinalug;Khinalug;;;;;;;;;;;;;;;;;;;;;;;;x
budukh_kryts;Budukh-Kryts;;;;;;;;;;;;;;;;;;;;;;;;x
rutul;Rutul;;;;;;;;;;;;;;;;;;;;;;;;x
tsakhur;Tsakhur;;;;;;;;;;;;;;;;;;;;;;;;x
aghul;Aghul;;;;;;;;;;;;;;;;;;;;;;;;x
tabasaran;Tabasaran;;;;;;;;;;;;;;;;;;;;;;;;x
lak_cauc;Lak;;;;;;;;;;;;;;;;;;;;;;;;x
qara_kirgiz;Qara Kirghiz;;;;;;;;;;;;;;;;;;;;;;;;x
kirgiz;Kirghiz;;;;;;;;;;;;;;;;;;;;;;;;x